PROCHRSTD,PRDC_CHR,SRC_ID,SRC_ID,SMALLINT,NOT NULLABLE,Y,Y,N,N,2,
PROCHRSTD,PRDC_CHR,CHR_VAL_TYPE,CHR_VAL_TYP,INTEGER,NULLABLE,Y,Y,N,N,8,
PROCHRSTD,PRDC_CHR,RTL_PRDC_ID,RTL_PRDC_ID,VARCHAR(50),NOT NULLABLE,Y,Y,N,N,1,
PROCHRSTD,PRDC_CHR,Product_ID,PRDC_ID,INTEGER,NULLABLE,Y,Y,Y,N,3,
PROCHRSTD,PRDC_CHR,ITM_CD,ITM_CD,VARCHAR(20),NULLABLE,Y,Y,N,N,4,
PROCHRSTD,PRDC_CHR,File_ID,FL_ID,INTEGER,NULLABLE,Y,Y,N,N,5,
PROCHRSTD,PRDC_CHR,CHR_NM,CHR_NM,VARCHAR(100),NOT NULLABLE,Y,Y,N,N,6,
PROCHRSTD,PRDC_CHR,CHR_VAL,CHR_VAL,VARCHAR(255),NULLABLE,Y,Y,N,N,7,
PROCHRSTD,PRDC_CHR,PROCESS_FLAG,PRCS_FLG,SMALLINT,NULLABLE,N,Y,N,N,9,
AGP,AGP,Retailer_Store_Number,RTL_POD_NUM,VARCHAR(30),NOT NULLABLE,Y,N,N,N,1
AGP,AGP,Retailer_Product_ID,RTL_PRDC_ID,VARCHAR(50),NOT NULLABLE,Y,N,N,N,2
AGP,AGP,item_code,ITM_CD,VARCHAR(20),NOT NULLABLE,Y,N,N,N,3
AGP,AGP,txn_dte,TXN_DT,VARCHAR (30),NOT NULLABLE,Y,N,N,N,4
AGP,AGP,SRC_ID,SRC_ID,SMALLINT,NOT NULLABLE,Y,N,N,N,5
AGP,AGP,POD_ID,POD_ID,INTEGER,NULLABLE,Y,N,Y,N,6
AGP,AGP,Product_ID,PRDC_ID,INTEGER,NULLABLE,Y,N,Y,N,7
AGP,AGP,Cost_Per_Unit,COST_PER_UNIT,"NUMERIC (18,6)",NULLABLE,Y,Y,N,N,8
AGP,AGP,AGP_UNIT_AMT,AGP_UNIT_AMT,"NUMERIC (18,6)",NULLABLE,Y,Y,N,N,9
AGP,AGP,Retail_Allowance,RTL_ALLOWANCE,"NUMERIC(18,6)",NULLABLE,Y,Y,N,N,10
AGP,AGP,File_ID,FL_ID,INTEGER,NULLABLE,Y,N,N,N,11
AGP,AGP,Process_Flag,PRCS_FLG,SMALLINT,NULLABLE,Y,N,N,N,12
AGR,AGP,Retailer_Store_Number,RTL_POD_NUM,VARCHAR(30),NOT NULLABLE,Y,N,N,N,1
AGR,AGP,Retailer_Product_ID,RTL_PRDC_ID,VARCHAR(50),NOT NULLABLE,Y,N,N,N,2
AGR,AGP,item_code,ITM_CD,VARCHAR(20),NOT NULLABLE,Y,N,N,N,3
AGR,AGP,txn_dte,TXN_DT,VARCHAR (30),NOT NULLABLE,Y,N,N,N,4
AGR,AGP,SRC_ID,SRC_ID,SMALLINT,NOT NULLABLE,Y,N,N,N,5
AGR,AGP,POD_ID,POD_ID,INTEGER,NULLABLE,Y,N,Y,N,6
AGR,AGP,Product_ID,PRDC_ID,INTEGER,NULLABLE,Y,N,Y,N,7
AGR,AGP,Cost_Per_Unit,COST_PER_UNIT,"NUMERIC (18,6)",NULLABLE,Y,Y,N,N,8
AGR,AGP,AGP_UNIT_AMT,AGP_UNIT_AMT,"NUMERIC (18,6)",NULLABLE,Y,Y,N,N,9
AGR,AGP,Retail_Allowance,RTL_ALLOWANCE,"NUMERIC(18,6)",NULLABLE,Y,Y,N,N,10
AGR,AGP,File_ID,FL_ID,INTEGER,NULLABLE,Y,N,N,N,11
AGR,AGP,Process_Flag,PRCS_FLG,SMALLINT,NULLABLE,Y,N,N,N,12
BAR,BSKT,Retailer_Basket_ID,RTL_BSKT_ID,VARCHAR (50),NOT NULLABLE,Y,N,N,N,1
BAR,BSKT,SRC_ID,SRC_ID,SMALLINT,NOT NULLABLE,Y,N,N,N,2
BAR,BSKT,Retailer_Store_Number,RTL_POD_NUM,VARCHAR (30),NULLABLE,Y,Y,N,N,3
BAR,BSKT,Transaction_Date_Time,TXN_DT_TM,VARCHAR (30),NULLABLE,Y,Y,N,N,4
BAR,BSKT,Retailer_Loyalty_Card_ID,PRMRY_RTL_LYLTY_CRD_ID,VARCHAR (50),NULLABLE,Y,Y,N,N,5
BAR,BSKT,Basket_ID,BSKT_ID,BIGINT,NULLABLE,Y,N,Y,N,6
BAR,BSKT,Primary_Identifying_Card_ID,PRMRY_IDNT_CRD_ID,INTEGER,NULLABLE,Y,Y,Y,N,7
BAR,BSKT,Period_ID,PRD_ID,INTEGER,NULLABLE,Y,Y,Y,N,8
BAR,BSKT,POD_ID,POD_ID,INTEGER,NULLABLE,Y,Y,Y,N,9
BAR,BSKT,Total_Item_Count,TOT_ITM_CNT,INTEGER,NULLABLE,Y,Y,N,N,10
BAR,BSKT,Total_Basket_Value,TOT_BSKT_VAL,"NUMERIC (10,2)",NULLABLE,Y,Y,N,N,11
BAR,BSKT,Total_Gross_Amount,TOT_GROSS_AMT,"NUMERIC (10,2)",NULLABLE,Y,Y,N,N,12
BAR,BSKT,Tax,TAX_AMT,"NUMERIC (10,2)",NULLABLE,Y,Y,N,N,13
BAR,BSKT,Retailer_Discount_Item_Count,RTL_DSCNT_ITM_CNT,INTEGER,NULLABLE,Y,Y,N,N,14
BAR,BSKT,Non_Retailer_Discount_Item_Count,NON_RTL_DSCNT_ITM_CNT,INTEGER,NULLABLE,Y,Y,N,N,15
BAR,BSKT,Total_Retailer_Discount_Amount,TOT_RTL_DSCNT_AMT,"NUMERIC (10,2)",NULLABLE,Y,Y,N,N,16
BAR,BSKT,Total_Non_Retailer_Discount_Amount,TOT_NON_RTL_DSCNT_AMT,"NUMERIC (10,2)",NULLABLE,Y,Y,N,N,17
BAR,BSKT,Markdown_Item_Count,MRKDWN_ITM_CNT,INTEGER,NULLABLE,Y,Y,N,N,18
BAR,BSKT,Total_Markdown_Amount,TOT_MRKDWN_AMT,"NUMERIC (10,2)",NULLABLE,Y,Y,N,N,19
BAR,BSKT,Returned_Item_Count,RTN_ITM_CNT,INTEGER,NULLABLE,Y,Y,N,N,20
BAR,BSKT,Total_Returns_Amount,TOT_RTN_AMT,"NUMERIC (10,2)",NULLABLE,Y,Y,N,N,21
BAR,BSKT,Miscellaneous_Item_Count,MISC_ITM_CNT,INTEGER,NULLABLE,Y,Y,N,N,22
BAR,BSKT,Total_Miscellaneous_Amount,TOT_MISC_AMT,"NUMERIC (10,2)",NULLABLE,Y,Y,N,N,23
BAR,BSKT,Online_Purchase_Flag,ONLN_PRCHS_FLG,VARCHAR (1),NULLABLE,Y,Y,N,N,24
BAR,BSKT,Total_Points_Earned,TOT_PNT_ERND,INTEGER,NULLABLE,Y,Y,N,N,25
BAR,BSKT,Total_Points_Redeemed,TOT_PNT_RDMD,INTEGER,NULLABLE,Y,Y,N,N,26
BAR,BSKT,File_ID,FL_ID,INTEGER,NULLABLE,Y,N,N,N,27
BAR,BSKT,Process_Flag,PRCS_FLG,SMALLINT,NULLABLE,Y,N,N,N,28
BAS,BSKT,Retailer_Basket_ID,RTL_BSKT_ID,VARCHAR (50),NOT NULLABLE,Y,N,N,N,1
BAS,BSKT,SRC_ID,SRC_ID,SMALLINT,NOT NULLABLE,Y,N,N,N,2
BAS,BSKT,Retailer_Store_Number,RTL_POD_NUM,VARCHAR (30),NULLABLE,Y,Y,N,N,3
BAS,BSKT,Transaction_Date_Time,TXN_DT_TM,VARCHAR (30),NULLABLE,Y,Y,N,N,4
BAS,BSKT,Retailer_Loyalty_Card_ID,PRMRY_RTL_LYLTY_CRD_ID,VARCHAR (50),NULLABLE,Y,Y,N,N,5
BAS,BSKT,Basket_ID,BSKT_ID,BIGINT,NULLABLE,Y,N,Y,N,6
BAS,BSKT,Primary_Identifying_Card_ID,PRMRY_IDNT_CRD_ID,INTEGER,NULLABLE,Y,Y,Y,N,7
BAS,BSKT,Period_ID,PRD_ID,INTEGER,NULLABLE,Y,Y,Y,N,8
BAS,BSKT,POD_ID,POD_ID,INTEGER,NULLABLE,Y,Y,Y,N,9
BAS,BSKT,Total_Item_Count,TOT_ITM_CNT,INTEGER,NULLABLE,Y,Y,N,N,10
BAS,BSKT,Total_Basket_Value,TOT_BSKT_VAL,"NUMERIC (10,2)",NULLABLE,Y,Y,N,N,11
BAS,BSKT,Total_Gross_Amount,TOT_GROSS_AMT,"NUMERIC (10,2)",NULLABLE,Y,Y,N,N,12
BAS,BSKT,Tax,TAX_AMT,"NUMERIC (10,2)",NULLABLE,Y,Y,N,N,13
BAS,BSKT,Retailer_Discount_Item_Count,RTL_DSCNT_ITM_CNT,INTEGER,NULLABLE,Y,Y,N,N,14
BAS,BSKT,Non_Retailer_Discount_Item_Count,NON_RTL_DSCNT_ITM_CNT,INTEGER,NULLABLE,Y,Y,N,N,15
BAS,BSKT,Total_Retailer_Discount_Amount,TOT_RTL_DSCNT_AMT,"NUMERIC (10,2)",NULLABLE,Y,Y,N,N,16
BAS,BSKT,Total_Non_Retailer_Discount_Amount,TOT_NON_RTL_DSCNT_AMT,"NUMERIC (10,2)",NULLABLE,Y,Y,N,N,17
BAS,BSKT,Markdown_Item_Count,MRKDWN_ITM_CNT,INTEGER,NULLABLE,Y,Y,N,N,18
BAS,BSKT,Total_Markdown_Amount,TOT_MRKDWN_AMT,"NUMERIC (10,2)",NULLABLE,Y,Y,N,N,19
BAS,BSKT,Returned_Item_Count,RTN_ITM_CNT,INTEGER,NULLABLE,Y,Y,N,N,20
BAS,BSKT,Total_Returns_Amount,TOT_RTN_AMT,"NUMERIC (10,2)",NULLABLE,Y,Y,N,N,21
BAS,BSKT,Miscellaneous_Item_Count,MISC_ITM_CNT,INTEGER,NULLABLE,Y,Y,N,N,22
BAS,BSKT,Total_Miscellaneous_Amount,TOT_MISC_AMT,"NUMERIC (10,2)",NULLABLE,Y,Y,N,N,23
BAS,BSKT,Online_Purchase_Flag,ONLN_PRCHS_FLG,VARCHAR (1),NULLABLE,Y,Y,N,N,24
BAS,BSKT,Total_Points_Earned,TOT_PNT_ERND,INTEGER,NULLABLE,Y,Y,N,N,25
BAS,BSKT,Total_Points_Redeemed,TOT_PNT_RDMD,INTEGER,NULLABLE,Y,Y,N,N,26
BAS,BSKT,File_ID,FL_ID,INTEGER,NULLABLE,Y,N,N,N,27
BAS,BSKT,Process_Flag,PRCS_FLG,SMALLINT,NULLABLE,Y,N,N,N,28
BDI,BSKT_ITM_DSCNT,Retailer_Basket_ID,RTL_BSKT_ID,VARCHAR (50),NOT NULLABLE,Y,N,N,N,1
BDI,BSKT_ITM_DSCNT,Retailer_Product_ID,RTL_PRDC_ID,VARCHAR (50),NOT NULLABLE,Y,N,N,N,2
BDI,BSKT_ITM_DSCNT,SRC_ID,SRC_ID,SMALLINT,NOT NULLABLE,Y,N,N,N,3
BDI,BSKT_ITM_DSCNT,Discount_Type,DSCNT_TYP,VARCHAR (50),NOT NULLABLE,Y,N,N,N,4
BDI,BSKT_ITM_DSCNT,Retailer_Coupon_ID,RTL_CPN_ID,VARCHAR (20),NOT NULLABLE,Y,N,N,N,5
BDI,BSKT_ITM_DSCNT,Retailer_Promotion_ID,RTL_PRMTN_ID,VARCHAR (20),NOT NULLABLE,Y,N,N,N,6
BDI,BSKT_ITM_DSCNT,Retailer_Store_Number,RTL_POD_NUM,VARCHAR (30),NULLABLE,Y,Y,N,N,7
BDI,BSKT_ITM_DSCNT,Transaction_Date_Time,TXN_DT_TM,VARCHAR (30),NULLABLE,Y,Y,N,N,8
BDI,BSKT_ITM_DSCNT,Period_ID,PRD_ID,INTEGER,NULLABLE,Y,Y,Y,N,9
BDI,BSKT_ITM_DSCNT,Product_ID,PRDC_ID,INTEGER,NULLABLE,Y,N,Y,N,10
BDI,BSKT_ITM_DSCNT,Item_Code,ITM_CD,VARCHAR (20),NULLABLE,Y,N,N,N,11
BDI,BSKT_ITM_DSCNT,POD_ID,POD_ID,INTEGER,NULLABLE,Y,Y,Y,N,12
BDI,BSKT_ITM_DSCNT,Basket_ID,BSKT_ID,BIGINT,NULLABLE,Y,N,Y,N,13
BDI,BSKT_ITM_DSCNT,Discount_Division,DSCNT_DIV,VARCHAR (20),NULLABLE,Y,N,N,N,14
BDI,BSKT_ITM_DSCNT,Discount_Quantity,DSCNT_QTY,INTEGER,NULLABLE,Y,Y,N,N,15
BDI,BSKT_ITM_DSCNT,Discount_Amount,DSCNT_AMT,"NUMERIC (10,2)",NULLABLE,Y,Y,N,N,16
BDI,BSKT_ITM_DSCNT,Discount_Item_Quantity,DSCNT_ITM_QTY,INTEGER,NULLABLE,Y,Y,N,N,17
BDI,BSKT_ITM_DSCNT,Promotion_Item_Discount_Amount,PRMTN_ITM_DSCNT_AMT,"NUMERIC (10,2)",NULLABLE,Y,Y,N,N,18
BDI,BSKT_ITM_DSCNT,File_ID,FL_ID,INTEGER,NULLABLE,Y,N,N,N,19
BDI,BSKT_ITM_DSCNT,Process_Flag,PRCS_FLG,SMALLINT,NULLABLE,Y,N,N,N,20
BID,BSKT_IDNT_CARDS,Retailer_Basket_ID,RTL_BSKT_ID,VARCHAR (50),NOT NULLABLE,Y,Y,N,N,1
BID,BSKT_IDNT_CARDS,Retailer_Loyalty_Card_ID,PRMRY_RTL_LYLTY_CRD_ID,VARCHAR (50),NOT NULLABLE,Y,Y,N,N,2
BID,BSKT_IDNT_CARDS,SRC_ID,SRC_ID,SMALLINT,NOT NULLABLE,Y,Y,N,N,3
BID,BSKT_IDNT_CARDS,Basket_ID,BSKT_ID,BIGINT,NULLABLE,Y,Y,Y,N,4
BID,BSKT_IDNT_CARDS,Identifying_Card_ID,IDNT_CRD_ID,INTEGER,NULLABLE,Y,Y,Y,N,5
BID,BSKT_IDNT_CARDS,Identifying_Card_Type,IDNT_CRD_TYP,VARCHAR (30),NULLABLE,Y,Y,N,N,6
BID,BSKT_IDNT_CARDS,Primary_Flag,PRMRY_FLG,VARCHAR (1),NULLABLE,Y,Y,N,N,7
BID,BSKT_IDNT_CARDS,File_ID,FL_ID,VARCHAR (10),NULLABLE,Y,Y,N,N,8
BID,BSKT_IDNT_CARDS,Process_Flag,PRCS_FLG,SMALLINT,NULLABLE,Y,Y,N,N,9
BIR,BSKT_IDNT_CARDS,Retailer_Basket_ID,RTL_BSKT_ID,VARCHAR (50),NOT NULLABLE,Y,Y,N,N,1
BIR,BSKT_IDNT_CARDS,Retailer_Loyalty_Card_ID,PRMRY_RTL_LYLTY_CRD_ID,VARCHAR (50),NOT NULLABLE,Y,Y,N,N,2
BIR,BSKT_IDNT_CARDS,SRC_ID,SRC_ID,SMALLINT,NOT NULLABLE,Y,Y,N,N,3
BIR,BSKT_IDNT_CARDS,Basket_ID,BSKT_ID,BIGINT,NULLABLE,Y,Y,Y,N,4
BIR,BSKT_IDNT_CARDS,Identifying_Card_ID,IDNT_CRD_ID,INTEGER,NULLABLE,Y,Y,Y,N,5
BIR,BSKT_IDNT_CARDS,Identifying_Card_Type,IDNT_CRD_TYP,VARCHAR (30),NULLABLE,Y,Y,N,N,6
BIR,BSKT_IDNT_CARDS,Primary_Flag,PRMRY_FLG,VARCHAR (1),NULLABLE,Y,Y,N,N,7
BIR,BSKT_IDNT_CARDS,File_ID,FL_ID,VARCHAR (10),NULLABLE,Y,Y,N,N,8
BIR,BSKT_IDNT_CARDS,Process_Flag,PRCS_FLG,SMALLINT,NULLABLE,Y,Y,N,N,9
BNI,BSKT_DSCNT,Retailer_Basket_ID,RTL_BSKT_ID,VARCHAR (50),NOT NULLABLE,Y,N,N,N,1
BNI,BSKT_DSCNT,Discount_Type,DSCNT_TYP,VARCHAR (50),NOT NULLABLE,Y,N,N,N,2
BNI,BSKT_DSCNT,Retailer_Coupon_ID,RTL_CPN_ID,VARCHAR (20),NOT NULLABLE,Y,N,N,N,3
BNI,BSKT_DSCNT,SRC_ID,SRC_ID,SMALLINT,NOT NULLABLE,Y,N,N,N,4
BNI,BSKT_DSCNT,Retailer_Store_Number,RTL_POD_NUM,VARCHAR (30),NULLABLE,Y,Y,N,N,5
BNI,BSKT_DSCNT,Retailer_Promotion_ID,RTL_PRMTN_ID,VARCHAR (20),NULLABLE,Y,N,N,N,6
BNI,BSKT_DSCNT,Transaction_Date_Time,TXN_DT_TM,VARCHAR (30),NULLABLE,Y,Y,N,N,7
BNI,BSKT_DSCNT,Period_ID,PRD_ID,INTEGER,NULLABLE,Y,Y,Y,N,8
BNI,BSKT_DSCNT,POD_ID,POD_ID,INTEGER,NULLABLE,Y,Y,Y,N,9
BNI,BSKT_DSCNT,Basket_ID,BSKT_ID,BIGINT,NULLABLE,Y,N,Y,N,10
BNI,BSKT_DSCNT,Discount_Division,DSCNT_DIV,VARCHAR (20),NULLABLE,Y,N,N,N,11
BNI,BSKT_DSCNT,Discount_Quantity,DSCNT_QTY,INTEGER,NULLABLE,Y,Y,N,N,12
BNI,BSKT_DSCNT,Discount_Amount,DSCNT_AMT,"NUMERIC (10,2)",NULLABLE,Y,Y,N,N,13
BNI,BSKT_DSCNT,File_ID,FL_ID,INTEGER,NULLABLE,Y,N,N,N,14
BNI,BSKT_DSCNT,Process_Flag,PRCS_FLG,SMALLINT,NULLABLE,Y,N,N,N,15
BNR,BSKT_DSCNT,Retailer_Basket_ID,RTL_BSKT_ID,VARCHAR (50),NOT NULLABLE,Y,N,N,N,1
BNR,BSKT_DSCNT,Discount_Type,DSCNT_TYP,VARCHAR (50),NOT NULLABLE,Y,N,N,N,2
BNR,BSKT_DSCNT,Retailer_Coupon_ID,RTL_CPN_ID,VARCHAR (20),NOT NULLABLE,Y,N,N,N,3
BNR,BSKT_DSCNT,SRC_ID,SRC_ID,SMALLINT,NOT NULLABLE,Y,N,N,N,4
BNR,BSKT_DSCNT,Retailer_Store_Number,RTL_POD_NUM,VARCHAR (30),NULLABLE,Y,Y,N,N,5
BNR,BSKT_DSCNT,Retailer_Promotion_ID,RTL_PRMTN_ID,VARCHAR (20),NULLABLE,Y,N,N,N,6
BNR,BSKT_DSCNT,Transaction_Date_Time,TXN_DT_TM,VARCHAR (30),NULLABLE,Y,Y,N,N,7
BNR,BSKT_DSCNT,Period_ID,PRD_ID,INTEGER,NULLABLE,Y,Y,Y,N,8
BNR,BSKT_DSCNT,POD_ID,POD_ID,INTEGER,NULLABLE,Y,Y,Y,N,9
BNR,BSKT_DSCNT,Basket_ID,BSKT_ID,BIGINT,NULLABLE,Y,N,Y,N,10
BNR,BSKT_DSCNT,Discount_Division,DSCNT_DIV,VARCHAR (20),NULLABLE,Y,N,N,N,11
BNR,BSKT_DSCNT,Discount_Quantity,DSCNT_QTY,INTEGER,NULLABLE,Y,Y,N,N,12
BNR,BSKT_DSCNT,Discount_Amount,DSCNT_AMT,"NUMERIC (10,2)",NULLABLE,Y,Y,N,N,13
BNR,BSKT_DSCNT,File_ID,FL_ID,INTEGER,NULLABLE,Y,N,N,N,14
BNR,BSKT_DSCNT,Process_Flag,PRCS_FLG,SMALLINT,NULLABLE,Y,N,N,N,15
BRS,BSKT_ITM_DSCNT,Retailer_Basket_ID,RTL_BSKT_ID,VARCHAR (50),NOT NULLABLE,Y,N,N,N,1
BRS,BSKT_ITM_DSCNT,Retailer_Product_ID,RTL_PRDC_ID,VARCHAR (50),NOT NULLABLE,Y,N,N,N,2
BRS,BSKT_ITM_DSCNT,SRC_ID,SRC_ID,SMALLINT,NOT NULLABLE,Y,N,N,N,3
BRS,BSKT_ITM_DSCNT,Discount_Type,DSCNT_TYP,VARCHAR (50),NOT NULLABLE,Y,N,N,N,4
BRS,BSKT_ITM_DSCNT,Retailer_Coupon_ID,RTL_CPN_ID,VARCHAR (20),NOT NULLABLE,Y,N,N,N,5
BRS,BSKT_ITM_DSCNT,Retailer_Promotion_ID,RTL_PRMTN_ID,VARCHAR (20),NOT NULLABLE,Y,N,N,N,6
BRS,BSKT_ITM_DSCNT,Retailer_Store_Number,RTL_POD_NUM,VARCHAR (30),NULLABLE,Y,Y,N,N,7
BRS,BSKT_ITM_DSCNT,Transaction_Date_Time,TXN_DT_TM,VARCHAR (30),NULLABLE,Y,Y,N,N,8
BRS,BSKT_ITM_DSCNT,Period_ID,PRD_ID,INTEGER,NULLABLE,Y,Y,Y,N,9
BRS,BSKT_ITM_DSCNT,Product_ID,PRDC_ID,INTEGER,NULLABLE,Y,N,Y,N,10
BRS,BSKT_ITM_DSCNT,Item_Code,ITM_CD,VARCHAR (20),NULLABLE,Y,N,N,N,11
BRS,BSKT_ITM_DSCNT,POD_ID,POD_ID,INTEGER,NULLABLE,Y,Y,Y,N,12
BRS,BSKT_ITM_DSCNT,Basket_ID,BSKT_ID,BIGINT,NULLABLE,Y,N,Y,N,13
BRS,BSKT_ITM_DSCNT,Discount_Division,DSCNT_DIV,VARCHAR (20),NULLABLE,Y,N,N,N,14
BRS,BSKT_ITM_DSCNT,Discount_Quantity,DSCNT_QTY,INTEGER,NULLABLE,Y,Y,N,N,15
BRS,BSKT_ITM_DSCNT,Discount_Amount,DSCNT_AMT,"NUMERIC (10,2)",NULLABLE,Y,Y,N,N,16
BRS,BSKT_ITM_DSCNT,Discount_Item_Quantity,DSCNT_ITM_QTY,INTEGER,NULLABLE,Y,Y,N,N,17
BRS,BSKT_ITM_DSCNT,Promotion_Item_Discount_Amount,PRMTN_ITM_DSCNT_AMT,"NUMERIC (10,2)",NULLABLE,Y,Y,N,N,18
BRS,BSKT_ITM_DSCNT,File_ID,FL_ID,INTEGER,NULLABLE,Y,N,N,N,19
BRS,BSKT_ITM_DSCNT,Process_Flag,PRCS_FLG,SMALLINT,NULLABLE,Y,N,N,N,20
HHA,HSHLD_SGMT,Retailer_Household_ID,RTL_HSHLD_ID,VARCHAR(50),NOT NULLABLE,Y,N,N,N,1
HHA,HSHLD_SGMT,SRC_ID,SRC_ID,SMALLINT,NOT NULLABLE,Y,N,N,N,2
HHA,HSHLD_SGMT,Segment_Type_Description,SGMT_TYP_DSC,VARCHAR(100),NOT NULLABLE,Y,N,N,Y,3
HHA,HSHLD_SGMT,Segment_Number,SGMT_NUM,INTEGER,NOT NULLABLE,Y,N,N,Y,4
HHA,HSHLD_SGMT,Segment_Level_Number,SGMT_LVL_NUM,INTEGER,NOT NULLABLE,Y,N,N,Y,5
HHA,HSHLD_SGMT,Time_Period_ID,TM_PRD_ID,INTEGER,NOT NULLABLE,Y,N,N,Y,6
HHA,HSHLD_SGMT,Household_ID,HSHLD_ID,INTEGER,NULLABLE,Y,N,Y,N,7
HHA,HSHLD_SGMT,Segment_Description,SGMT_DSC,VARCHAR(100),NULLABLE,Y,Y,N,N,8
HHA,HSHLD_SGMT,Segment_Short_Description,SGMT_SHRT_DSC,VARCHAR(50),NULLABLE,Y,Y,N,N,9
HHA,HSHLD_SGMT,Segment_Level_Name,SGMT_LVL_NM,VARCHAR(50),NULLABLE,Y,Y,N,N,10
HHA,HSHLD_SGMT,Time_Period_Description,TM_PRD_DSC,VARCHAR(50),NULLABLE,Y,Y,N,N,11
HHA,HSHLD_SGMT,Segment_refresh_cadence,SGMT_RFRSH_CDNC,VARCHAR(20),NULLABLE,Y,Y,N,N,12
HHA,HSHLD_SGMT,Effective_Date,EFF_DT,VARCHAR (30),NULLABLE,Y,Y,N,N,13
HHA,HSHLD_SGMT,File_ID,FL_ID,INTEGER,NULLABLE,Y,N,N,N,14
HHA,HSHLD_SGMT,Process_Flag,PRCS_FLG,SMALLINT,NULLABLE,Y,N,N,N,15
HAR,HSHLD_SGMT,Retailer_Household_ID,RTL_HSHLD_ID,VARCHAR(50),NOT NULLABLE,Y,N,N,N,1
HAR,HSHLD_SGMT,SRC_ID,SRC_ID,SMALLINT,NOT NULLABLE,Y,N,N,N,2
HAR,HSHLD_SGMT,Segment_Type_Description,SGMT_TYP_DSC,VARCHAR(100),NOT NULLABLE,Y,N,N,Y,3
HAR,HSHLD_SGMT,Segment_Number,SGMT_NUM,INTEGER,NOT NULLABLE,Y,N,N,Y,4
HAR,HSHLD_SGMT,Segment_Level_Number,SGMT_LVL_NUM,INTEGER,NOT NULLABLE,Y,N,N,Y,5
HAR,HSHLD_SGMT,Time_Period_ID,TM_PRD_ID,INTEGER,NOT NULLABLE,Y,N,N,Y,6
HAR,HSHLD_SGMT,Household_ID,HSHLD_ID,INTEGER,NULLABLE,Y,N,Y,N,7
HAR,HSHLD_SGMT,Segment_Description,SGMT_DSC,VARCHAR(100),NULLABLE,Y,Y,N,N,8
HAR,HSHLD_SGMT,Segment_Short_Description,SGMT_SHRT_DSC,VARCHAR(50),NULLABLE,Y,Y,N,N,9
HAR,HSHLD_SGMT,Segment_Level_Name,SGMT_LVL_NM,VARCHAR(50),NULLABLE,Y,Y,N,N,10
HAR,HSHLD_SGMT,Time_Period_Description,TM_PRD_DSC,VARCHAR(50),NULLABLE,Y,Y,N,N,11
HAR,HSHLD_SGMT,Segment_refresh_cadence,SGMT_RFRSH_CDNC,VARCHAR(20),NULLABLE,Y,Y,N,N,12
HAR,HSHLD_SGMT,Effective_Date,EFF_DT,VARCHAR (30),NULLABLE,Y,Y,N,N,13
HAR,HSHLD_SGMT,File_ID,FL_ID,INTEGER,NULLABLE,Y,N,N,N,14
HAR,HSHLD_SGMT,Process_Flag,PRCS_FLG,SMALLINT,NULLABLE,Y,N,N,N,15
HHS,HSHLD_SGMT,Retailer_Household_ID,RTL_HSHLD_ID,VARCHAR(50),NOT NULLABLE,Y,N,N,N,1
HHS,HSHLD_SGMT,SRC_ID,SRC_ID,SMALLINT,NOT NULLABLE,Y,N,N,N,2
HHS,HSHLD_SGMT,Segment_Type_Description,SGMT_TYP_DSC,VARCHAR(100),NOT NULLABLE,Y,N,N,Y,3
HHS,HSHLD_SGMT,Segment_Number,SGMT_NUM,INTEGER,NOT NULLABLE,Y,N,N,Y,4
HHS,HSHLD_SGMT,Segment_Level_Number,SGMT_LVL_NUM,INTEGER,NOT NULLABLE,Y,N,N,Y,5
HHS,HSHLD_SGMT,Time_Period_ID,TM_PRD_ID,INTEGER,NOT NULLABLE,Y,N,N,Y,6
HHS,HSHLD_SGMT,Household_ID,HSHLD_ID,INTEGER,NULLABLE,Y,N,Y,N,7
HHS,HSHLD_SGMT,Segment_Description,SGMT_DSC,VARCHAR(100),NULLABLE,Y,Y,N,N,8
HHS,HSHLD_SGMT,Segment_Short_Description,SGMT_SHRT_DSC,VARCHAR(50),NULLABLE,Y,Y,N,N,9
HHS,HSHLD_SGMT,Segment_Level_Name,SGMT_LVL_NM,VARCHAR(50),NULLABLE,Y,Y,N,N,10
HHS,HSHLD_SGMT,Time_Period_Description,TM_PRD_DSC,VARCHAR(50),NULLABLE,Y,Y,N,N,11
HHS,HSHLD_SGMT,Segment_refresh_cadence,SGMT_RFRSH_CDNC,VARCHAR(20),NULLABLE,Y,Y,N,N,12
HHS,HSHLD_SGMT,Effective_Date,EFF_DT,VARCHAR (30),NULLABLE,Y,Y,N,N,13
HHS,HSHLD_SGMT,File_ID,FL_ID,INTEGER,NULLABLE,Y,N,N,N,14
HHS,HSHLD_SGMT,Process_Flag,PRCS_FLG,SMALLINT,NULLABLE,Y,N,N,N,15
HHR,HSHLD_SGMT,Retailer_Household_ID,RTL_HSHLD_ID,VARCHAR(50),NOT NULLABLE,Y,N,N,N,1
HHR,HSHLD_SGMT,SRC_ID,SRC_ID,SMALLINT,NOT NULLABLE,Y,N,N,N,2
HHR,HSHLD_SGMT,Segment_Type_Description,SGMT_TYP_DSC,VARCHAR(100),NOT NULLABLE,Y,N,N,Y,3
HHR,HSHLD_SGMT,Segment_Number,SGMT_NUM,INTEGER,NOT NULLABLE,Y,N,N,Y,4
HHR,HSHLD_SGMT,Segment_Level_Number,SGMT_LVL_NUM,INTEGER,NOT NULLABLE,Y,N,N,Y,5
HHR,HSHLD_SGMT,Time_Period_ID,TM_PRD_ID,INTEGER,NOT NULLABLE,Y,N,N,Y,6
HHR,HSHLD_SGMT,Household_ID,HSHLD_ID,INTEGER,NULLABLE,Y,N,Y,N,7
HHR,HSHLD_SGMT,Segment_Description,SGMT_DSC,VARCHAR(100),NULLABLE,Y,Y,N,N,8
HHR,HSHLD_SGMT,Segment_Short_Description,SGMT_SHRT_DSC,VARCHAR(50),NULLABLE,Y,Y,N,N,9
HHR,HSHLD_SGMT,Segment_Level_Name,SGMT_LVL_NM,VARCHAR(50),NULLABLE,Y,Y,N,N,10
HHR,HSHLD_SGMT,Time_Period_Description,TM_PRD_DSC,VARCHAR(50),NULLABLE,Y,Y,N,N,11
HHR,HSHLD_SGMT,Segment_refresh_cadence,SGMT_RFRSH_CDNC,VARCHAR(20),NULLABLE,Y,Y,N,N,12
HHR,HSHLD_SGMT,Effective_Date,EFF_DT,VARCHAR (30),NULLABLE,Y,Y,N,N,13
HHR,HSHLD_SGMT,File_ID,FL_ID,INTEGER,NULLABLE,Y,N,N,N,14
HHR,HSHLD_SGMT,Process_Flag,PRCS_FLG,SMALLINT,NULLABLE,Y,N,N,N,15
HOU,HSHLD,Retailer_Household_ID,RTL_HSHLD_ID,VARCHAR (50),NOT NULLABLE,Y,N,N,N,1
HOU,HSHLD,SRC_ID,SRC_ID,SMALLINT,NOT NULLABLE,Y,N,N,N,2
HOU,HSHLD,Household_ID,HSHLD_ID,INTEGER,NULLABLE,Y,N,Y,N,3
HOU,HSHLD,File_ID,FL_ID,INTEGER,NULLABLE,Y,N,N,N,4
IDC,IDNT_CRD,Retailer_Identifying_Card_ID,PRMRY_RTL_LYLTY_CRD_ID,VARCHAR (50),NOT NULLABLE,Y,N,N,N,1
IDC,IDNT_CRD,SRC_ID,SRC_ID,SMALLINT,NOT NULLABLE,Y,N,N,N,2
IDC,IDNT_CRD,Identifying_Card_ID,IDNT_CRD_ID,INTEGER,NULLABLE,Y,N,Y,N,3
IDC,IDNT_CRD,Household_ID,HOUSEHOLD_ID,INTEGER,NULLABLE,Y,Y,Y,N,4
IDC,IDNT_CRD,Card_Issuer_ID,CRD_ISSR_ID,INTEGER,NULLABLE,Y,Y,Y,N,5
IDC,IDNT_CRD,Retailer_Card_Issuer_ID,RTL_CRD_ISSR_NUM,VARCHAR (50),NULLABLE,Y,Y,N,N,6
IDC,IDNT_CRD,Retailer_Household_ID,RTL_HSHLD_ID,VARCHAR (50),NULLABLE,Y,Y,N,N,7
IDC,IDNT_CRD,Retailer_Person_ID,RTL_PRSN_ID,VARCHAR (50),NULLABLE,Y,Y,N,N,8
IDC,IDNT_CRD,Person_ID,PRSN_ID,INTEGER,NULLABLE,Y,Y,Y,N,9
IDC,IDNT_CRD,Loyalty_Scheme_Name,LYLTY_SCHM_NM,VARCHAR (20),NULLABLE,Y,Y,N,N,10
IDC,IDNT_CRD,Start_Date,STRT_DT,VARCHAR (20),NULLABLE,Y,Y,N,N,11
IDC,IDNT_CRD,End_Date,END_DT,VARCHAR (20),NULLABLE,Y,Y,N,N,12
IDC,IDNT_CRD,Card_Status,CRD_STS,VARCHAR (1),NULLABLE,Y,Y,N,N,13
IDC,IDNT_CRD,Card_Type,CRD_TYP,VARCHAR (20),NULLABLE,Y,Y,N,N,14
IDC,IDNT_CRD,First_Date_Used,FIRST_DT_USED,VARCHAR (20),NULLABLE,Y,Y,N,N,15
IDC,IDNT_CRD,Last_Date_Used,LST_DT_USED,VARCHAR (20),NULLABLE,Y,Y,N,N,16
IDC,IDNT_CRD,First_Store_Shopped,FIRST_STR_SHOP,VARCHAR (30),NULLABLE,Y,Y,N,N,17
IDC,IDNT_CRD,Last_Store_Shopped,LST_STR_SHOP,VARCHAR (30),NULLABLE,Y,Y,N,N,18
IDC,IDNT_CRD,File_ID,FL_ID,INTEGER,NULLABLE,Y,N,N,N,19
ITM,BSKT_ITM,Retailer_Basket_ID,RTL_BSKT_ID,VARCHAR (50),NOT NULLABLE,Y,N,N,N,1
ITM,BSKT_ITM,Retailer_Product_ID,RTL_PRDC_ID,VARCHAR (50),NOT NULLABLE,Y,N,N,N,2
ITM,BSKT_ITM,SRC_ID,SRC_ID,SMALLINT,NOT NULLABLE,Y,N,N,N,3
ITM,BSKT_ITM,Retailer_Store_Number,RTL_POD_NUM,VARCHAR (30),NULLABLE,Y,Y,N,N,4
ITM,BSKT_ITM,Retailer_Loyalty_Card_ID,PRMRY_RTL_LYLTY_CRD_ID,VARCHAR (50),NULLABLE,Y,Y,N,N,5
ITM,BSKT_ITM,Transaction_Date_Time,TXN_DT_TM,VARCHAR (30),NULLABLE,Y,Y,N,N,6
ITM,BSKT_ITM,POD_ID,POD_ID,INTEGER,NULLABLE,Y,Y,Y,N,7
ITM,BSKT_ITM,Basket_ID,BSKT_ID,BIGINT,NULLABLE,Y,N,Y,N,8
ITM,BSKT_ITM,Primary_Identifying_Card_ID,PRMRY_IDNT_CRD_ID,INTEGER,NULLABLE,Y,Y,Y,N,9
ITM,BSKT_ITM,Period_ID,PRD_ID,INTEGER,NULLABLE,Y,Y,Y,N,10
ITM,BSKT_ITM,Product_ID,PRDC_ID,INTEGER,NULLABLE,Y,N,Y,N,11
ITM,BSKT_ITM,Item_Code,ITM_CD,VARCHAR (20),NULLABLE,Y,N,N,N,12
ITM,BSKT_ITM,Quantity,QTY,INTEGER, NULLABLE,Y,Y,N,N,13
ITM,BSKT_ITM,Sold_Amount,SLD_AMT,"NUMERIC (10,2)", NULLABLE,Y,Y,N,N,14
ITM,BSKT_ITM,Original_Price_Multiplier,ORGNL_PRC_MLTPLR,INTEGER,NULLABLE,Y,Y,N,N,15
ITM,BSKT_ITM,Original_Price,ORGNL_PRC,"NUMERIC (10,2)",NULLABLE,Y,Y,N,N,16
ITM,BSKT_ITM,Gross_Amount,GROSS_AMT,"NUMERIC (10,2)",NULLABLE,Y,Y,N,N,17
ITM,BSKT_ITM,Weight,WGHT,"NUMERIC (9,3)",NULLABLE,Y,Y,N,N,18
ITM,BSKT_ITM,Promotion_Flag,PRMTN_FLG,VARCHAR (1),NULLABLE,Y,Y,N,N,19
ITM,BSKT_ITM,Markdown_Flag,MRKDWN_FLG,VARCHAR (1),NULLABLE,Y,Y,N,N,20
ITM,BSKT_ITM,Miscellaneous_Flag,MISC_FLG,VARCHAR (1),NULLABLE,Y,Y,N,N,21
ITM,BSKT_ITM,Markdown_Amount,MRKDWN_AMT,"NUMERIC (10,2)",NULLABLE,Y,Y,N,N,22
ITM,BSKT_ITM,Retailer_Discount_Amount,RTL_DSCNT_AMT,"NUMERIC (10,2)",NULLABLE,Y,Y,N,N,23
ITM,BSKT_ITM,Non_Retailer_Discount_Amount,NON_RTL_DSCNT_AMT,"NUMERIC (10,2)",NULLABLE,Y,Y,N,N,24
ITM,BSKT_ITM,Promotion_Item_Quantity,PRMTN_ITM_QTY,INTEGER,NULLABLE,Y,Y,N,N,25
ITM,BSKT_ITM,Promotion_Item_Weight,PRMTN_ITM_WGHT,"NUMERIC (9,3)",NULLABLE,Y,Y,N,N,26
ITM,BSKT_ITM,Promotion_Item_Sold_Amount,PRMTN_ITM_SLD_AMT,"NUMERIC (10,2)",NULLABLE,Y,Y,N,N,27
ITM,BSKT_ITM,Retailer_Promotion_Item_Discount_Amount,RTL_PRMTN_ITM_DSCNT_AMT,"NUMERIC (10,2)",NULLABLE,Y,Y,N,N,28
ITM,BSKT_ITM,Non_Retailer_Promotion_Item_Discount_Amount,NON_RTL_PRMTN_ITM_DSCNT_AMT,"NUMERIC (10,2)",NULLABLE,Y,Y,N,N,29
ITM,BSKT_ITM,File_ID,FL_ID,INTEGER,NULLABLE,Y,N,N,N,30
ITM,BSKT_ITM,Process_Flag,PRCS_FLG,SMALLINT,NULLABLE,Y,N,N,N,31
ITR,BSKT_ITM,Retailer_Basket_ID,RTL_BSKT_ID,VARCHAR (50),NOT NULLABLE,Y,N,N,N,1
ITR,BSKT_ITM,Retailer_Product_ID,RTL_PRDC_ID,VARCHAR (50),NOT NULLABLE,Y,N,N,N,2
ITR,BSKT_ITM,SRC_ID,SRC_ID,SMALLINT,NOT NULLABLE,Y,N,N,N,3
ITR,BSKT_ITM,Retailer_Store_Number,RTL_POD_NUM,VARCHAR (30),NULLABLE,Y,Y,N,N,4
ITR,BSKT_ITM,Retailer_Loyalty_Card_ID,PRMRY_RTL_LYLTY_CRD_ID,VARCHAR (50),NULLABLE,Y,Y,N,N,5
ITR,BSKT_ITM,Transaction_Date_Time,TXN_DT_TM,VARCHAR (30),NULLABLE,Y,Y,N,N,6
ITR,BSKT_ITM,POD_ID,POD_ID,INTEGER,NULLABLE,Y,Y,Y,N,7
ITR,BSKT_ITM,Basket_ID,BSKT_ID,BIGINT,NULLABLE,Y,N,Y,N,8
ITR,BSKT_ITM,Primary_Identifying_Card_ID,PRMRY_IDNT_CRD_ID,INTEGER,NULLABLE,Y,Y,Y,N,9
ITR,BSKT_ITM,Period_ID,PRD_ID,INTEGER,NULLABLE,Y,Y,Y,N,10
ITR,BSKT_ITM,Product_ID,PRDC_ID,INTEGER,NULLABLE,Y,N,Y,N,11
ITR,BSKT_ITM,Item_Code,ITM_CD,VARCHAR (20),NULLABLE,Y,N,N,N,12
ITR,BSKT_ITM,Quantity,QTY,INTEGER, NULLABLE,Y,Y,N,N,13
ITR,BSKT_ITM,Sold_Amount,SLD_AMT,"NUMERIC (10,2)", NULLABLE,Y,Y,N,N,14
ITR,BSKT_ITM,Original_Price_Multiplier,ORGNL_PRC_MLTPLR,INTEGER,NULLABLE,Y,Y,N,N,15
ITR,BSKT_ITM,Original_Price,ORGNL_PRC,"NUMERIC (10,2)",NULLABLE,Y,Y,N,N,16
ITR,BSKT_ITM,Gross_Amount,GROSS_AMT,"NUMERIC (10,2)",NULLABLE,Y,Y,N,N,17
ITR,BSKT_ITM,Weight,WGHT,"NUMERIC (9,3)",NULLABLE,Y,Y,N,N,18
ITR,BSKT_ITM,Promotion_Flag,PRMTN_FLG,VARCHAR (1),NULLABLE,Y,Y,N,N,19
ITR,BSKT_ITM,Markdown_Flag,MRKDWN_FLG,VARCHAR (1),NULLABLE,Y,Y,N,N,20
ITR,BSKT_ITM,Miscellaneous_Flag,MISC_FLG,VARCHAR (1),NULLABLE,Y,Y,N,N,21
ITR,BSKT_ITM,Markdown_Amount,MRKDWN_AMT,"NUMERIC (10,2)",NULLABLE,Y,Y,N,N,22
ITR,BSKT_ITM,Retailer_Discount_Amount,RTL_DSCNT_AMT,"NUMERIC (10,2)",NULLABLE,Y,Y,N,N,23
ITR,BSKT_ITM,Non_Retailer_Discount_Amount,NON_RTL_DSCNT_AMT,"NUMERIC (10,2)",NULLABLE,Y,Y,N,N,24
ITR,BSKT_ITM,Promotion_Item_Quantity,PRMTN_ITM_QTY,INTEGER,NULLABLE,Y,Y,N,N,25
ITR,BSKT_ITM,Promotion_Item_Weight,PRMTN_ITM_WGHT,"NUMERIC (9,3)",NULLABLE,Y,Y,N,N,26
ITR,BSKT_ITM,Promotion_Item_Sold_Amount,PRMTN_ITM_SLD_AMT,"NUMERIC (10,2)",NULLABLE,Y,Y,N,N,27
ITR,BSKT_ITM,Retailer_Promotion_Item_Discount_Amount,RTL_PRMTN_ITM_DSCNT_AMT,"NUMERIC (10,2)",NULLABLE,Y,Y,N,N,28
ITR,BSKT_ITM,Non_Retailer_Promotion_Item_Discount_Amount,NON_RTL_PRMTN_ITM_DSCNT_AMT,"NUMERIC (10,2)",NULLABLE,Y,Y,N,N,29
ITR,BSKT_ITM,File_ID,FL_ID,INTEGER,NULLABLE,Y,N,N,N,30
ITR,BSKT_ITM,Process_Flag,PRCS_FLG,SMALLINT,NULLABLE,Y,N,N,N,31
LNE,LN,Retailer_Lane_Number,RTL_LN_NUM,VARCHAR (10),NOT NULLABLE,Y,Y,N,N,1
LNE,LN,SRC_ID,SRC_ID,SMALLINT,NOT NULLABLE,Y,Y,N,N,2
LNE,LN,Lane_ID,LN_ID,INTEGER,NULLABLE,Y,Y,Y,N,3
LNE,LN,Lane_Description,LN_DSC,VARCHAR (100),NULLABLE,Y,Y,N,N,4
LNE,LN,File_ID,FL_ID,INTEGER,NULLABLE,Y,Y,N,N,5
LPS,LYLTY_PNT,Retailer_Household_ID,RTL_HSHLD_ID,VARCHAR (50),NOT NULLABLE,Y,Y,N,N,1
LPS,LYLTY_PNT,SRC_ID,SRC_ID,SMALLINT,NOT NULLABLE,Y,Y,N,N,2
LPS,LYLTY_PNT,Household_ID,HSHLD_ID,INTEGER,NULLABLE,Y,Y,Y,N,3
LPS,LYLTY_PNT,Scheme,SCHM,VARCHAR (20),NULLABLE,Y,Y,N,N,4
LPS,LYLTY_PNT,As_Of_Date,AS_OF_DT,VARCHAR (20),NULLABLE,Y,Y,N,N,5
LPS,LYLTY_PNT,Total_Points_Redeemed,TOT_PNT_RDMD,INTEGER,NULLABLE,Y,Y,N,N,6
LPS,LYLTY_PNT,Total_Points_Earned,TOT_PNT_ERND,INTEGER,NULLABLE,Y,Y,N,N,7
LPS,LYLTY_PNT,Total_Points_Remaining,TOT_PNT_REM,INTEGER,NULLABLE,Y,Y,N,N,8
LPS,LYLTY_PNT,File_ID,FL_ID,INTEGER,NULLABLE,Y,Y,N,N,9
PRO,PRDC,Retailer_Product_ID,RTL_PRDC_ID,VARCHAR (50),NOT NULLABLE,Y,N,N,N,1
PRO,PRDC,SRC_ID,SRC_ID,SMALLINT,NOT NULLABLE,Y,N,N,N,2
PRO,PRDC,Product_ID,PRDC_ID,INTEGER,NULLABLE,Y,N,Y,N,3
PRO,PRDC,Item_Code,ITM_CD,VARCHAR (20),NOT NULLABLE,Y,N,N,N,4
PRO,PRDC,Retailer_Product_Description,RTL_PRDC_DSC,VARCHAR (255),NULLABLE,Y,Y,N,N,5
PRO,PRDC,Multipack_Quantity,MPCK_QTY,INTEGER,NULLABLE,Y,Y,N,N,6
PRO,PRDC,Item_Status,ITM_STS,VARCHAR (20),NULLABLE,Y,Y,N,N,7
PRO,PRDC,Unit_Of_Measure,UOM,VARCHAR (20),NULLABLE,Y,Y,N,N,8
PRO,PRDC,File_ID,FL_ID,INTEGER,NULLABLE,Y,N,N,N,9
PRS,PRDC_TOT,Retailer_Product_ID,RTL_PRDC_ID,VARCHAR(50),NOT NULLABLE,Y,N,N,N,1
PRS,PRDC_TOT,ITEM_CODE,ITM_CD,VARCHAR(20),NOT NULLABLE,Y,N,N,N,2
PRS,PRDC_TOT,Product_Group,PRDC_GRP,VARCHAR(100),NOT NULLABLE,Y,Y,N,Y,3
PRS,PRDC_TOT,SRC_ID,SRC_ID,SMALLINT,NOT NULLABLE,Y,N,N,N,4
PRS,PRDC_TOT,Product_ID,PRDC_ID,INTEGER,NULLABLE,Y,N,Y,N,5
PRS,PRDC_TOT,File_ID,FL_ID,INTEGER,NULLABLE,Y,N,N,N,6
PSN,PRSN,Retailer_Person_ID,RTL_PRSN_ID,VARCHAR (50),NOT NULLABLE,Y,N,N,N,1
PSN,PRSN,SRC_ID,SRC_ID,SMALLINT,NOT NULLABLE,Y,N,N,N,2
PSN,PRSN,Person_ID,PRSN_ID,INTEGER,NULLABLE,Y,N,Y,N,3
PSN,PRSN,Retailer_Household_ID,RTL_HSHLD_ID,VARCHAR (50),NULLABLE,Y,Y,N,N,4
PSN,PRSN,Household_ID,HSHLD_ID,INTEGER,NULLABLE,Y,Y,Y,N,5
PSN,PRSN,Gender,GENDER,VARCHAR (10),NULLABLE,Y,Y,N,N,6
PSN,PRSN,Date_Of_Birth,DOB,VARCHAR (20),NULLABLE,Y,Y,N,N,7
PSN,PRSN,File_ID,FL_ID,INTEGER,NULLABLE,Y,N,N,N,8
STO,STR,Retailer_Store_Number,RTL_POD_NUM,VARCHAR (30),NOT NULLABLE,Y,N,N,N,1
STO,STR,SRC_ID,SRC_ID,SMALLINT,NOT NULLABLE,Y,N,N,N,2
STO,STR,POD_ID,POD_ID,INTEGER,NULLABLE,Y,N,Y,N,3
STO,STR,Store_Name,POD_NM,VARCHAR (100),NULLABLE,Y,Y,N,N,4
STO,STR,Banner,BNR,VARCHAR (50),NULLABLE,Y,Y,N,N,5
STO,STR,Open_Date,OPN_DT,VARCHAR (20),NULLABLE,Y,Y,N,N,6
STO,STR,Close_Date,CLS_DT,VARCHAR (20),NULLABLE,Y,Y,N,N,7
STO,STR,Format,FRMT,VARCHAR (50),NULLABLE,Y,Y,N,N,8
STO,STR,File_ID,FL_ID,INTEGER,NULLABLE,Y,N,N,N,9
STS,STR_CLUST,Retailer_Store_Number,RTL_POD_NUM,VARCHAR(30),NOT NULLABLE,Y,N,N,N,1
STS,STR_CLUST,Store_Cluster,STR_CLUST,VARCHAR(100),NOT NULLABLE,Y,Y,N,Y,2
STS,STR_CLUST,SRC_ID,SRC_ID,SMALLINT,NOT NULLABLE,Y,N,N,N,3
STS,STR_CLUST,POD_ID,POD_ID,INTEGER,NULLABLE,Y,N,Y,N,4
STS,STR_CLUST,File_ID,FL_ID,INTEGER,NULLABLE,Y,N,N,N,5
RGP,RGP,Retailer_Store_Number,RTL_POD_NUM,VARCHAR(30),NOT NULLABLE,Y,N,N,N,1
RGP,RGP,Retailer_Product_ID,RTL_PRDC_ID,VARCHAR(50),NOT NULLABLE,Y,N,N,N,2
RGP,RGP,item_code,ITM_CD,VARCHAR(20),NOT NULLABLE,Y,N,N,N,3
RGP,RGP,txn_dte,TXN_DT,VARCHAR (30),NOT NULLABLE,Y,N,N,N,4
RGP,RGP,SRC_ID,SRC_ID,SMALLINT,NOT NULLABLE,Y,N,N,N,5
RGP,RGP,POD_ID,POD_ID,INTEGER,NULLABLE,Y,N,Y,N,6
RGP,RGP,Product_ID,PRDC_ID,INTEGER,NULLABLE,Y,N,Y,N,7
RGP,RGP,Cost_Per_Unit,COST_PER_UNIT,"NUMERIC (18,6)",NULLABLE,Y,Y,N,N,8
RGP,RGP,AGP_UNIT_AMT,AGP_UNIT_AMT,"NUMERIC (18,6)",NULLABLE,Y,Y,N,N,9
RGP,RGP,Retail_Allowance,RTL_ALLOWANCE,"NUMERIC(18,6)",NULLABLE,Y,Y,N,N,10
RGP,RGP,File_ID,FL_ID,INTEGER,NULLABLE,Y,N,N,N,11
RGP,RGP,Process_Flag,PRCS_FLG,SMALLINT,NULLABLE,Y,N,N,N,12
RGR,RGP,Retailer_Store_Number,RTL_POD_NUM,VARCHAR(30),NOT NULLABLE,Y,N,N,N,1
RGR,RGP,Retailer_Product_ID,RTL_PRDC_ID,VARCHAR(50),NOT NULLABLE,Y,N,N,N,2
RGR,RGP,item_code,ITM_CD,VARCHAR(20),NOT NULLABLE,Y,N,N,N,3
RGR,RGP,txn_dte,TXN_DT,VARCHAR (30),NOT NULLABLE,Y,N,N,N,4
RGR,RGP,SRC_ID,SRC_ID,SMALLINT,NOT NULLABLE,Y,N,N,N,5
RGR,RGP,POD_ID,POD_ID,INTEGER,NULLABLE,Y,N,Y,N,6
RGR,RGP,Product_ID,PRDC_ID,INTEGER,NULLABLE,Y,N,Y,N,7
RGR,RGP,Cost_Per_Unit,COST_PER_UNIT,"NUMERIC (18,6)",NULLABLE,Y,Y,N,N,8
RGR,RGP,AGP_UNIT_AMT,AGP_UNIT_AMT,"NUMERIC (18,6)",NULLABLE,Y,Y,N,N,9
RGR,RGP,Retail_Allowance,RTL_ALLOWANCE,"NUMERIC(18,6)",NULLABLE,Y,Y,N,N,10
RGR,RGP,File_ID,FL_ID,INTEGER,NULLABLE,Y,N,N,N,11
RGR,RGP,Process_Flag,PRCS_FLG,SMALLINT,NULLABLE,Y,N,N,N,12
BKSK,BASKET_SGMT,Retailer_Basket_ID,RTL_BSKT_ID,VARCHAR(50),NOT NULLABLE,Y,N,N,N,1
BKSK,BASKET_SGMT,SRC_ID,SRC_ID,SMALLINT,NOT NULLABLE,Y,N,N,N,2
BKSK,BASKET_SGMT,Segment_Type_Description,SGMT_TYP_DSC,VARCHAR(100),NOT NULLABLE,Y,N,N,Y,3
BKSK,BASKET_SGMT,Segment_Number,SGMT_NUM,INTEGER,NOT NULLABLE,Y,N,N,Y,4
BKSK,BASKET_SGMT,Segment_Level_Number,SGMT_LVL_NUM,INTEGER,NOT NULLABLE,Y,N,N,Y,5
BKSK,BASKET_SGMT,Time_Period_ID,TM_PRD_ID,INTEGER,NOT NULLABLE,Y,N,N,Y,6
BKSK,BASKET_SGMT,Household_ID,HSHLD_ID,INTEGER,NULLABLE,Y,N,Y,N,7
BKSK,BASKET_SGMT,Segment_Description,SGMT_DSC,VARCHAR(100),NULLABLE,Y,Y,N,N,8
BKSK,BASKET_SGMT,Segment_Short_Description,SGMT_SHRT_DSC,VARCHAR(50),NULLABLE,Y,Y,N,N,9
BKSK,BASKET_SGMT,Segment_Level_Name,SGMT_LVL_NM,VARCHAR(50),NULLABLE,Y,Y,N,N,10
BKSK,BASKET_SGMT,Time_Period_Duration,TM_PRD_DRN,INTEGER,NULLABLE,Y,N,N,N,11
BKSK,BASKET_SGMT,Time_Period_Description,TM_PRD_DSC,VARCHAR(50),NULLABLE,Y,Y,N,N,12
BKSK,BASKET_SGMT,Segment_refresh_cadence,SGMT_RFRSH_CDNC,VARCHAR(20),NULLABLE,Y,Y,N,N,13
BKSK,BASKET_SGMT,Effective_Date,EFF_DT,VARCHAR (30),NULLABLE,Y,Y,N,N,14
BKSK,BASKET_SGMT,File_ID,FL_ID,INTEGER,NULLABLE,Y,N,N,N,15
BKSK,BASKET_SGMT,Client_Id,Client_Id,INTEGER,NOT NULLABLE,Y,N,N,N,16
BKM,BASKET_SGMT,Retailer_Basket_ID,RTL_BSKT_ID,VARCHAR(50),NOT NULLABLE,Y,N,N,N,1
BKM,BASKET_SGMT,SRC_ID,SRC_ID,SMALLINT,NOT NULLABLE,Y,N,N,N,2
BKM,BASKET_SGMT,Segment_Type_Description,SGMT_TYP_DSC,VARCHAR(100),NOT NULLABLE,Y,N,N,Y,3
BKM,BASKET_SGMT,Segment_Number,SGMT_NUM,INTEGER,NOT NULLABLE,Y,N,N,Y,4
BKM,BASKET_SGMT,Segment_Level_Number,SGMT_LVL_NUM,INTEGER,NOT NULLABLE,Y,N,N,Y,5
BKM,BASKET_SGMT,Time_Period_ID,TM_PRD_ID,INTEGER,NOT NULLABLE,Y,N,N,Y,6
BKM,BASKET_SGMT,Household_ID,HSHLD_ID,INTEGER,NULLABLE,Y,N,Y,N,7
BKM,BASKET_SGMT,Segment_Description,SGMT_DSC,VARCHAR(100),NULLABLE,Y,Y,N,N,8
BKM,BASKET_SGMT,Segment_Short_Description,SGMT_SHRT_DSC,VARCHAR(50),NULLABLE,Y,Y,N,N,9
BKM,BASKET_SGMT,Segment_Level_Name,SGMT_LVL_NM,VARCHAR(50),NULLABLE,Y,Y,N,N,10
BKM,BASKET_SGMT,Time_Period_Duration,TM_PRD_DRN,INTEGER,NULLABLE,Y,N,N,N,11
BKM,BASKET_SGMT,Time_Period_Description,TM_PRD_DSC,VARCHAR(50),NULLABLE,Y,Y,N,N,12
BKM,BASKET_SGMT,Segment_refresh_cadence,SGMT_RFRSH_CDNC,VARCHAR(20),NULLABLE,Y,Y,N,N,13
BKM,BASKET_SGMT,Effective_Date,EFF_DT,VARCHAR (30),NULLABLE,Y,Y,N,N,14
BKM,BASKET_SGMT,File_ID,FL_ID,INTEGER,NULLABLE,Y,N,N,N,15
BKM,BASKET_SGMT,Client_Id,Client_Id,INTEGER,NOT NULLABLE,Y,N,N,N,16
STTYP,STATIC_TYP,STATIC_TYP_CD,STATIC_TYP_CD,VARCHAR(20),NOT NULLABLE,Y,N,N,N,1
STTYP,STATIC_TYP,STATIC_TYP_DSC,STATIC_TYP_DSC,VARCHAR(100),NOT NULLABLE,Y,N,N,N,2
STTYP,STATIC_TYP,STATIC_TYP_ID,STATIC_TYP_ID,INTEGER,NULLABLE,Y,N,Y,N,3
STTYP,STATIC_TYP,MNM_NUM_OF_WKS,MNM_NUM_OF_WKS,INTEGER,NOT NULLABLE,Y,N,N,N,4
STTYP,STATIC_TYP,MXM_NUM_OF_WKS,MXM_NUM_OF_WKS,INTEGER,NOT NULLABLE,Y,N,N,N,5
STTYP,STATIC_TYP,SRC_ID,SRC_ID,SMALLINT,NOT NULLABLE,Y,N,N,N,6
STTYP,STATIC_TYP,FILE_ID,FL_ID,INTEGER,NOT NULLABLE,Y,N,N,N,7
STTYP,STATIC_TYP,Process_Flag,PRCS_FLG,SMALLINT,NOT NULLABLE,Y,N,N,N,8
PNLTYP,PNLS_TYP,PNLS_TYP_CD,PNLS_TYP_CD,VARCHAR(20),NOT NULLABLE,Y,N,N,N,1
PNLTYP,PNLS_TYP,PNLS_TYP_ID,PNLS_TYP_ID,INTEGER,NULLABLE,Y,N,Y,N,2
PNLTYP,PNLS_TYP,PNLS_TYP_DSC,PNLS_TYPE_DSC,VARCHAR(250),NOT NULLABLE,Y,N,N,N,3
PNLTYP,PNLS_TYP,SRC_ID,SRC_ID,SMALLINT,NOT NULLABLE,Y,N,N,N,4
PNLTYP,PNLS_TYP,FILE_ID,FL_ID,INTEGER,NOT NULLABLE,Y,N,N,N,5
PNLTYP,PNLS_TYP,Process_Flag,PRCS_FLG,SMALLINT,NOT NULLABLE,Y,N,N,N,6
TRPTYP,TRIP_TYP,TRIP_TYP_CD,TRIP_TYP_CD,VARCHAR(20),NOT NULLABLE,Y,N,N,N,1
TRPTYP,TRIP_TYP,TRIP_TYP_ID,TRIP_TYP_ID,INTEGER,NULLABLE,Y,N,Y,N,2
TRPTYP,TRIP_TYP,TRIP_TYP_DSC,TRIP_TYP_DSC,VARCHAR(100),NOT NULLABLE,Y,N,N,N,3
TRPTYP,TRIP_TYP,SRC_ID,SRC_ID,SMALLINT,NOT NULLABLE,Y,N,N,N,4
TRPTYP,TRIP_TYP,FILE_ID,FL_ID,INTEGER,NOT NULLABLE,Y,N,N,N,5
TRPTYP,TRIP_TYP,Process_Flag,PRCS_FLG,INTEGER,NOT NULLABLE,Y,N,N,N,6
MKTPNL,MRKT_TYP_RLTD,MRKT_CD,MRKT_CD,VARCHAR(50),NOT NULLABLE,Y,N,N,N,1
MKTPNL,MRKT_TYP_RLTD,PNLS_TYP_CD,PNLS_TYP_CD,VARCHAR(200),NOT NULLABLE,Y,N,N,N,2
MKTPNL,MRKT_TYP_RLTD,MRKT_KEY,MRKT_KEY,BIGINT,NULLABLE,Y,N,Y,N,3
MKTPNL,MRKT_TYP_RLTD,PNLS_TYP_ID,PNLS_TYP_ID,INTEGER,NULLABLE,Y,N,Y,N,4
MKTPNL,MRKT_TYP_RLTD,SCNTRK_MJR_MRKT_CD,SCNTRK_MJR_MRKT_CD,INTEGER,NOT NULLABLE,Y,N,N,N,5
MKTPNL,MRKT_TYP_RLTD,SRC_ID,SRC_ID,SMALLINT,NOT NULLABLE,Y,N,N,N,6
MKTPNL,MRKT_TYP_RLTD,FILE_ID,FL_ID,INTEGER,NOT NULLABLE,Y,N,N,N,7
MKTPNL,MRKT_TYP_RLTD,Process_Flag,PRCS_FLG,INTEGER,NOT NULLABLE,Y,N,N,N,8
OTLTMSTR,OTLT_MSTR,OTLT_CD,OTLT_CD,VARCHAR(80),NOT NULLABLE,Y,N,N,N,1
OTLTMSTR,OTLT_MSTR,OTLT_KEY,OTLT_KEY,INTEGER,NULLABLE,Y,N,Y,N,2
OTLTMSTR,OTLT_MSTR,SRC_ID,SRC_ID,SMALLINT,NOT NULLABLE,Y,N,N,N,3
OTLTMSTR,OTLT_MSTR,FILE_ID,FL_ID,INTEGER,NOT NULLABLE,Y,N,N,N,4
OTLTMSTR,OTLT_MSTR,Process_Flag,PRCS_FLG,INTEGER,NOT NULLABLE,Y,N,N,N,5
OTLTNHSR,OTL_NHS_RLTD,OTLT_CD,OTLT_CD,VARCHAR(80),NOT NULLABLE,Y,N,N,N,1
OTLTNHSR,OTL_NHS_RLTD,NHS_OTL_CD,NHS_OTL_CD,INTEGER,NOT NULLABLE,Y,N,N,N,2
OTLTNHSR,OTL_NHS_RLTD,NPD_ST,NPD_ST,INTEGER,NOT NULLABLE,Y,N,N,N,3
OTLTNHSR,OTL_NHS_RLTD,NPD_CNTY,NPD_CNTY,INTEGER,NOT NULLABLE,Y,N,N,N,4
OTLTNHSR,OTL_NHS_RLTD,OTLT_KEY,OTLT_KEY,INTEGER,NULLABLE,Y,N,Y,N,5
OTLTNHSR,OTL_NHS_RLTD,SRC_ID,SRC_ID,SMALLINT,NOT NULLABLE,Y,N,N,N,6
OTLTNHSR,OTL_NHS_RLTD,FILE_ID,FL_ID,INTEGER,NOT NULLABLE,Y,N,N,N,7
OTLTNHSR,OTL_NHS_RLTD,Process_Flag,PRCS_FLG,INTEGER,NOT NULLABLE,Y,N,N,N,8
TRIP,TRIP,RTL_BSKT_ID,RTL_BSKT_ID,VARCHAR(100),NOT NULLABLE,Y,N,N,N,1
TRIP,TRIP,PNLS_ID,PNLS_ID,INTEGER,NOT NULLABLE,Y,N,N,N,2
TRIP,TRIP,TRIP_DT,TRIP_DT,VARCHAR (30),NOT NULLABLE,Y,N,N,N,3
TRIP,TRIP,TRIP_TYP_CD,TRIP_TYP_CD,VARCHAR(50),NOT NULLABLE,Y,N,N,N,4
TRIP,TRIP,TRIP_ID,TRIP_ID,BIGINT,NULLABLE,Y,N,Y,N,5
TRIP,TRIP,HSHLD_ID,HSHLD_ID,BIGINT,NULLABLE,Y,N,Y,N,6
TRIP,TRIP,TRIP_DAY_ID,TRIP_DAY_ID,INTEGER,NULLABLE,Y,N,Y,N,7
TRIP,TRIP,TRIP_TYP_ID,TRIP_TYP_ID,INTEGER,NULLABLE,Y,N,Y,N,8
TRIP,TRIP,NHS_OTL_CD,NHS_OTL_CD,INTEGER,NOT NULLABLE,Y,N,N,N,9
TRIP,TRIP,PRCS_WK,PRCS_WK,INTEGER,NULLABLE,Y,N,N,N,10
TRIP,TRIP,NHS_STR_TYP,NHS_STR_TYP,INTEGER,NULLABLE,Y,N,N,N,11
TRIP,TRIP,SCNTRK_MJR_MRKT_CD,SCNTRK_MJR_MRKT_CD,INTEGER,NULLABLE,Y,N,N,N,12
TRIP,TRIP,ACN_PRMY_STR,ACN_PRMY_STR,INTEGER,NULLABLE,Y,N,N,N,13
TRIP,TRIP,NUM_ITMS,NUM_ITMS,INTEGER,NULLABLE,Y,N,N,N,14
TRIP,TRIP,OTL_DOL,OTL_DOL,"NUMERIC(7,2)",NULLABLE,Y,N,N,N,15
TRIP,TRIP,QTY,QTY,INTEGER,NULLABLE,Y,N,N,N,16
TRIP,TRIP,TRIP_HR,TRIP_HR,INTEGER,NULLABLE,Y,N,N,N,17
TRIP,TRIP,PRMY_SHPR,PRMY_SHPR,CHAR(3),NULLABLE,Y,N,N,N,18
TRIP,TRIP,SCDR_SHPR,SCDR_SHPR,CHAR(3),NULLABLE,Y,N,N,N,19
TRIP,TRIP,PNL_CD,PNL_CD,CHAR(1),NULLABLE,Y,N,N,N,20
TRIP,TRIP,TTL_DOL,TTL_DOL,"NUMERIC(7,2)",NULLABLE,Y,N,N,N,21
TRIP,TRIP,TRAN_ON_DL,TRAN_ON_DL,INTEGER,NULLABLE,Y,N,N,N,22
TRIP,TRIP,MFR_CPN_TTL,MFR_CPN_TTL,"NUMERIC(6,2)",NULLABLE,Y,N,N,N,23
TRIP,TRIP,STR_CPN_TTL,STR_CPN_TTL,"NUMERIC(6,2)",NULLABLE,Y,N,N,N,24
TRIP,TRIP,STR_MFR_CPN_TTL,STR_MFR_CPN_TTL,"NUMERIC(6,2)",NULLABLE,Y,N,N,N,25
TRIP,TRIP,SRC_ID,SRC_ID,SMALLINT,NOT NULLABLE,Y,N,N,N,26
TRIP,TRIP,FILE_ID,FL_ID,INTEGER,NOT NULLABLE,Y,N,N,N,27
TRIP,TRIP,Process_Flag,PRCS_FLG,INTEGER,NOT NULLABLE,Y,N,N,N,28
PRCH,PRCH,RTL_BSKT_ID,RTL_BSKT_ID,VARCHAR(100),NOT NULLABLE,Y,N,N,Y,1
PRCH,PRCH,UPC_CD,UPC_CD,BIGINT,NOT NULLABLE,Y,N,N,Y,2
PRCH,PRCH,PNLS_ID,PNLS_ID,INTEGER,NOT NULLABLE,Y,N,N,N,3
PRCH,PRCH,TRIP_DT,TRIP_DT,VARCHAR (30),NOT NULLABLE,Y,N,N,N,4
PRCH,PRCH,TRIP_TYP_CD,TRIP_TYP_CD,VARCHAR(50),NOT NULLABLE,Y,N,N,N,5
PRCH,PRCH,TRIP_ID,TRIP_ID,BIGINT,NULLABLE,Y,N,Y,N,6
PRCH,PRCH,TRND_PRDC_ID,TRND_PRDC_ID,INTEGER,NULLABLE,Y,N,Y,N,7
PRCH,PRCH,HSHLD_ID,HSHLD_ID,BIGINT,NULLABLE,Y,N,Y,N,8
PRCH,PRCH,TRIP_DAY_ID,TRIP_DAY_ID,INTEGER,NULLABLE,Y,N,Y,N,9
PRCH,PRCH,TRIP_TYP_ID,TRIP_TYP_ID,INTEGER,NULLABLE,Y,N,Y,N,10
PRCH,PRCH,NHS_OTL_CD,NHS_OTL_CD,INTEGER,NOT NULLABLE,Y,N,N,N,11
PRCH,PRCH,PRCS_WK,PRCS_WK,INTEGER,NULLABLE,Y,N,N,N,12
PRCH,PRCH,PRDC_MODULE,PRDC_MODULE,INTEGER,NULLABLE,Y,N,N,N,13
PRCH,PRCH,PRMY_SHPR,PRMY_SHPR,INTEGER,NULLABLE,Y,N,N,N,14
PRCH,PRCH,SCDR_SHPR,SCDR_SHPR,INTEGER,NULLABLE,Y,N,N,N,15
PRCH,PRCH,ACN_PRMY_STR,ACN_PRMY_STR,INTEGER,NULLABLE,Y,N,N,N,16
PRCH,PRCH,QTY,QTY,INTEGER,NULLABLE,Y,N,N,N,17
PRCH,PRCH,TTL_U_PRC,TTL_U_PRC,"NUMERIC(5,2)",NULLABLE,Y,N,N,N,18
PRCH,PRCH,DL_CD,DL_CD,CHAR(3),NULLABLE,Y,N,N,N,19
PRCH,PRCH,TTL_CPN_VL,TTL_CPN_VL,"NUMERIC(4,2)",NULLABLE,Y,N,N,N,20
PRCH,PRCH,CSL_AD,CSL_AD,INTEGER,NULLABLE,Y,N,N,N,21
PRCH,PRCH,CSL_DSP_INFO,CSL_DSP_INFO,INTEGER,NULLABLE,Y,N,N,N,22
PRCH,PRCH,PRC_IND,PRC_IND,CHAR(1),NULLABLE,Y,N,N,N,23
PRCH,PRCH,BRN_CD,BRN_CD,INTEGER,NULLABLE,Y,N,N,N,24
PRCH,PRCH,SIZE,SIZE,CHAR(3),NULLABLE,Y,N,N,N,25
PRCH,PRCH,SZ_DSC,SZ_DSC,VARCHAR(7),NULLABLE,Y,N,N,N,26
PRCH,PRCH,SZ_NUM,SZ_NUM,"NUMERIC(7,3)",NULLABLE,Y,N,N,N,27
PRCH,PRCH,MULTI,MULTI,INTEGER,NULLABLE,Y,N,N,N,28
PRCH,PRCH,FLV_CD,FLV_CD,INTEGER,NULLABLE,Y,N,N,N,29
PRCH,PRCH,STR_TYP,STR_TYP,INTEGER,NULLABLE,Y,N,N,N,30
PRCH,PRCH,ORG_CD,ORG_CD,CHAR(3),NULLABLE,Y,N,N,N,31
PRCH,PRCH,FREQ_SHPR,FREQ_SHPR,INTEGER,NULLABLE,Y,N,N,N,32
PRCH,PRCH,SCNTRK_MJR_MRKT_CD,SCNTRK_MJR_MRKT_CD,INTEGER,NULLABLE,Y,N,N,N,33
PRCH,PRCH,PNL_CD,PNL_CD,CHAR(1),NULLABLE,Y,N,N,N,34
PRCH,PRCH,MFG_CPN_DL_VL,MFG_CPN_DL_VL,INTEGER,NULLABLE,Y,N,N,N,35
PRCH,PRCH,SRC_ID,SRC_ID,SMALLINT,NOT NULLABLE,Y,N,N,N,36
PRCH,PRCH,FILE_ID,FL_ID,INTEGER,NOT NULLABLE,Y,N,N,N,37
PRCH,PRCH,Process_Flag,PRCS_FLG,INTEGER,NOT NULLABLE,Y,N,N,N,38
DMG,PNLS_DMG,PNLS_ID,PNLS_ID,BIGINT,NOT NULLABLE,Y,N,N,N,1
DMG,PNLS_DMG,HSHLD_ID,HSHLD_ID,BIGINT,NULLABLE,Y,N,Y,N,2
DMG,PNLS_DMG,SRC_ID,SRC_ID,SMALLINT,NOT NULLABLE,Y,N,N,N,3
DMG,PNLS_DMG,FILE_ID,FL_ID,INTEGER,NOT NULLABLE,Y,N,N,N,4
DMG,PNLS_DMG,Process_Flag,PRCS_FLG,INTEGER,NOT NULLABLE,Y,N,N,N,5
PJC,PNLS_PJC,PNLS_ID,PNLS_ID,BIGINT,NOT NULLABLE,Y,N,N,Y,1
PJC,PNLS_PJC,WEEK_ENDING_DT,WK_ENDING_DT,VARCHAR (30),NOT NULLABLE,Y,N,N,Y,2
PJC,PNLS_PJC,TRIP_TYP_CD,TRIP_TYP_CD,VARCHAR(20),NOT NULLABLE,Y,N,N,Y,3
PJC,PNLS_PJC,PNLS_TYP_CD,PNLS_TYP_CD,VARCHAR(20),NOT NULLABLE,Y,N,N,Y,4
PJC,PNLS_PJC,STATIC_TYP_CD,STATIC_TYP_CD,VARCHAR(20),NOT NULLABLE,Y,N,N,Y,5
PJC,PNLS_PJC,HSHLD_ID,HSHLD_ID,BIGINT,NULLABLE,Y,N,Y,N,6
PJC,PNLS_PJC,WK_ENDING_PRD_ID,WK_ENDING_PRD_ID,INTEGER,NOT NULLABLE,Y,N,N,N,7
PJC,PNLS_PJC,TRIP_TYP_ID,TRIP_TYP_ID,INTEGER,NULLABLE,Y,N,Y,N,8
PJC,PNLS_PJC,PNLS_TYP_ID,PNLS_TYP_ID,INTEGER,NULLABLE,Y,N,Y,N,9
PJC,PNLS_PJC,STATIC_TYP_ID,STATIC_TYP_ID,INTEGER,NULLABLE,Y,N,Y,N,10
PJC,PNLS_PJC,PJC_FCTR,PJC_FCTR_VL,INTEGER,NOT NULLABLE,Y,N,N,N,11
PJC,PNLS_PJC,SRC_ID,SRC_ID,SMALLINT,NOT NULLABLE,Y,N,N,N,12
PJC,PNLS_PJC,FILE_ID,FL_ID,INTEGER,NOT NULLABLE,Y,N,N,N,13
PJC,PNLS_PJC,Process_Flag,PRCS_FLG,INTEGER,NOT NULLABLE,Y,N,N,N,14
PJC,PNLS_PJC,CLIENT_ID,Client_Id,INTEGER,NOT NULLABLE,Y,N,N,N,16
MKTSMM,MRKT_NHS_RLTD,MRKT_CD,MRKT_CD,VARCHAR(50),NOT NULLABLE,Y,N,N,Y,1
MKTSMM,MRKT_NHS_RLTD,NHS_OTL_CD,NHS_OTL_CD,INTEGER,NOT NULLABLE,Y,N,N,Y,2
MKTSMM,MRKT_NHS_RLTD,MRKT_KEY,MRKT_KEY,BIGINT,NULLABLE,Y,N,Y,N,3
MKTSMM,MRKT_NHS_RLTD,SRC_ID,SRC_ID,SMALLINT,NULLABLE,Y,N,N,N,4
MKTSMM,MRKT_NHS_RLTD,FILE_ID,FL_ID,INTEGER,NULLABLE,Y,N,N,N,5
MKTSMM,MRKT_NHS_RLTD,Process_Flag,PRCS_FLG,SMALLINT,NULLABLE,Y,N,N,N,6
CEN,CEN_DIV,MRKT_CD,MRKT_CD,VARCHAR(50),NOT NULLABLE,Y,N,N,N,1
CEN,CEN_DIV,NPD_ST,NPD_ST,CHAR(10),NULLABLE,Y,N,N,N,2
CEN,CEN_DIV,NPD_CNTY,NPD_CNTY,CHAR(10),NULLABLE,Y,N,N,N,3
CEN,CEN_DIV,MRKT_KEY,MRKT_KEY,BIGINT,NULLABLE,Y,N,Y,N,4
CEN,CEN_DIV,SRC_ID,SRC_ID,SMALLINT,NOT NULLABLE,Y,N,N,N,5
CEN,CEN_DIV,FILE_ID,FL_ID,INTEGER,NULLABLE,Y,N,N,N,6
CEN,CEN_DIV,Process_Flag,PRCS_FLG,SMALLINT,NULLABLE,Y,N,N,N,7
BKSS,BASKET_SGMT,Retailer_Basket_ID,RTL_BSKT_ID,VARCHAR(50),NOT NULLABLE,Y,N,N,N,1
BKSS,BASKET_SGMT,SRC_ID,SRC_ID,SMALLINT,NOT NULLABLE,Y,N,N,N,2
BKSS,BASKET_SGMT,Segment_Type_Description,SGMT_TYP_DSC,VARCHAR(100),NOT NULLABLE,Y,N,N,Y,3
BKSS,BASKET_SGMT,Segment_Number,SGMT_NUM,INTEGER,NOT NULLABLE,Y,N,N,Y,4
BKSS,BASKET_SGMT,Segment_Level_Number,SGMT_LVL_NUM,INTEGER,NOT NULLABLE,Y,N,N,Y,5
BKSS,BASKET_SGMT,Time_Period_ID,TM_PRD_ID,INTEGER,NOT NULLABLE,Y,N,N,Y,6
BKSS,BASKET_SGMT,Household_ID,HSHLD_ID,INTEGER,NULLABLE,Y,N,Y,N,7
BKSS,BASKET_SGMT,Segment_Description,SGMT_DSC,VARCHAR(100),NULLABLE,Y,Y,N,N,8
BKSS,BASKET_SGMT,Segment_Short_Description,SGMT_SHRT_DSC,VARCHAR(50),NULLABLE,Y,Y,N,N,9
BKSS,BASKET_SGMT,Segment_Level_Name,SGMT_LVL_NM,VARCHAR(50),NULLABLE,Y,Y,N,N,10
BKSS,BASKET_SGMT,Time_Period_Duration,TM_PRD_DRN,INTEGER,NULLABLE,Y,N,N,N,11
BKSS,BASKET_SGMT,Time_Period_Description,TM_PRD_DSC,VARCHAR(50),NULLABLE,Y,Y,N,N,12
BKSS,BASKET_SGMT,Segment_refresh_cadence,SGMT_RFRSH_CDNC,VARCHAR(20),NULLABLE,Y,Y,N,N,13
BKSS,BASKET_SGMT,Effective_Date,EFF_DT,VARCHAR (30),NULLABLE,Y,Y,N,N,14
BKSS,BASKET_SGMT,File_ID,FL_ID,INTEGER,NULLABLE,Y,N,N,N,15
BKSS,BASKET_SGMT,Client_Id,Client_Id,INTEGER,NOT NULLABLE,Y,N,N,N,16
BKST,BASKET_SGMT,Retailer_Basket_ID,RTL_BSKT_ID,VARCHAR(50),NOT NULLABLE,Y,N,N,N,1
BKST,BASKET_SGMT,SRC_ID,SRC_ID,SMALLINT,NOT NULLABLE,Y,N,N,N,2
BKST,BASKET_SGMT,Segment_Type_Description,SGMT_TYP_DSC,VARCHAR(100),NOT NULLABLE,Y,N,N,Y,3
BKST,BASKET_SGMT,Segment_Number,SGMT_NUM,INTEGER,NOT NULLABLE,Y,N,N,Y,4
BKST,BASKET_SGMT,Segment_Level_Number,SGMT_LVL_NUM,INTEGER,NOT NULLABLE,Y,N,N,Y,5
BKST,BASKET_SGMT,Time_Period_ID,TM_PRD_ID,INTEGER,NOT NULLABLE,Y,N,N,Y,6
BKST,BASKET_SGMT,Household_ID,HSHLD_ID,INTEGER,NULLABLE,Y,N,Y,N,7
BKST,BASKET_SGMT,Segment_Description,SGMT_DSC,VARCHAR(100),NULLABLE,Y,Y,N,N,8
BKST,BASKET_SGMT,Segment_Short_Description,SGMT_SHRT_DSC,VARCHAR(50),NULLABLE,Y,Y,N,N,9
BKST,BASKET_SGMT,Segment_Level_Name,SGMT_LVL_NM,VARCHAR(50),NULLABLE,Y,Y,N,N,10
BKST,BASKET_SGMT,Time_Period_Duration,TM_PRD_DRN,INTEGER,NULLABLE,Y,N,N,N,11
BKST,BASKET_SGMT,Time_Period_Description,TM_PRD_DSC,VARCHAR(50),NULLABLE,Y,Y,N,N,12
BKST,BASKET_SGMT,Segment_refresh_cadence,SGMT_RFRSH_CDNC,VARCHAR(20),NULLABLE,Y,Y,N,N,13
BKST,BASKET_SGMT,Effective_Date,EFF_DT,VARCHAR (30),NULLABLE,Y,Y,N,N,14
BKST,BASKET_SGMT,File_ID,FL_ID,INTEGER,NULLABLE,Y,N,N,N,15
BKST,BASKET_SGMT,Client_Id,Client_Id,INTEGER,NOT NULLABLE,Y,N,N,N,16
BKSU,BASKET_SGMT,Retailer_Basket_ID,RTL_BSKT_ID,VARCHAR(50),NOT NULLABLE,Y,N,N,N,1
BKSU,BASKET_SGMT,SRC_ID,SRC_ID,SMALLINT,NOT NULLABLE,Y,N,N,N,2
BKSU,BASKET_SGMT,Segment_Type_Description,SGMT_TYP_DSC,VARCHAR(100),NOT NULLABLE,Y,N,N,Y,3
BKSU,BASKET_SGMT,Segment_Number,SGMT_NUM,INTEGER,NOT NULLABLE,Y,N,N,Y,4
BKSU,BASKET_SGMT,Segment_Level_Number,SGMT_LVL_NUM,INTEGER,NOT NULLABLE,Y,N,N,Y,5
BKSU,BASKET_SGMT,Time_Period_ID,TM_PRD_ID,INTEGER,NOT NULLABLE,Y,N,N,Y,6
BKSU,BASKET_SGMT,Household_ID,HSHLD_ID,INTEGER,NULLABLE,Y,N,Y,N,7
BKSU,BASKET_SGMT,Segment_Description,SGMT_DSC,VARCHAR(100),NULLABLE,Y,Y,N,N,8
BKSU,BASKET_SGMT,Segment_Short_Description,SGMT_SHRT_DSC,VARCHAR(50),NULLABLE,Y,Y,N,N,9
BKSU,BASKET_SGMT,Segment_Level_Name,SGMT_LVL_NM,VARCHAR(50),NULLABLE,Y,Y,N,N,10
BKSU,BASKET_SGMT,Time_Period_Duration,TM_PRD_DRN,INTEGER,NULLABLE,Y,N,N,N,11
BKSU,BASKET_SGMT,Time_Period_Description,TM_PRD_DSC,VARCHAR(50),NULLABLE,Y,Y,N,N,12
BKSU,BASKET_SGMT,Segment_refresh_cadence,SGMT_RFRSH_CDNC,VARCHAR(20),NULLABLE,Y,Y,N,N,13
BKSU,BASKET_SGMT,Effective_Date,EFF_DT,VARCHAR (30),NULLABLE,Y,Y,N,N,14
BKSU,BASKET_SGMT,File_ID,FL_ID,INTEGER,NULLABLE,Y,N,N,N,15
BKSU,BASKET_SGMT,Client_Id,Client_Id,INTEGER,NOT NULLABLE,Y,N,N,N,16
BKSM,BASKET_SGMT,Retailer_Basket_ID,RTL_BSKT_ID,VARCHAR(50),NOT NULLABLE,Y,N,N,N,1
BKSM,BASKET_SGMT,SRC_ID,SRC_ID,SMALLINT,NOT NULLABLE,Y,N,N,N,2
BKSM,BASKET_SGMT,Segment_Type_Description,SGMT_TYP_DSC,VARCHAR(100),NOT NULLABLE,Y,N,N,Y,3
BKSM,BASKET_SGMT,Segment_Number,SGMT_NUM,INTEGER,NOT NULLABLE,Y,N,N,Y,4
BKSM,BASKET_SGMT,Segment_Level_Number,SGMT_LVL_NUM,INTEGER,NOT NULLABLE,Y,N,N,Y,5
BKSM,BASKET_SGMT,Time_Period_ID,TM_PRD_ID,INTEGER,NOT NULLABLE,Y,N,N,Y,6
BKSM,BASKET_SGMT,Household_ID,HSHLD_ID,INTEGER,NULLABLE,Y,N,Y,N,7
BKSM,BASKET_SGMT,Segment_Description,SGMT_DSC,VARCHAR(100),NULLABLE,Y,Y,N,N,8
BKSM,BASKET_SGMT,Segment_Short_Description,SGMT_SHRT_DSC,VARCHAR(50),NULLABLE,Y,Y,N,N,9
BKSM,BASKET_SGMT,Segment_Level_Name,SGMT_LVL_NM,VARCHAR(50),NULLABLE,Y,Y,N,N,10
BKSM,BASKET_SGMT,Time_Period_Duration,TM_PRD_DRN,INTEGER,NULLABLE,Y,N,N,N,11
BKSM,BASKET_SGMT,Time_Period_Description,TM_PRD_DSC,VARCHAR(50),NULLABLE,Y,Y,N,N,12
BKSM,BASKET_SGMT,Segment_refresh_cadence,SGMT_RFRSH_CDNC,VARCHAR(20),NULLABLE,Y,Y,N,N,13
BKSM,BASKET_SGMT,Effective_Date,EFF_DT,VARCHAR (30),NULLABLE,Y,Y,N,N,14
BKSM,BASKET_SGMT,File_ID,FL_ID,INTEGER,NULLABLE,Y,N,N,N,15
BKSM,BASKET_SGMT,Client_Id,Client_Id,INTEGER,NOT NULLABLE,Y,N,N,N,16
PRCHRST,PRCH,RTL_BSKT_ID,RTL_BSKT_ID,VARCHAR(100),NOT NULLABLE,Y,N,N,Y,1
PRCHRST,PRCH,UPC_CD,UPC_CD,BIGINT,NOT NULLABLE,Y,N,N,Y,2
PRCHRST,PRCH,PNLS_ID,PNLS_ID,INTEGER,NOT NULLABLE,Y,N,N,N,3
PRCHRST,PRCH,TRIP_DT,TRIP_DT,VARCHAR (30),NOT NULLABLE,Y,N,N,N,4
PRCHRST,PRCH,TRIP_TYP_CD,TRIP_TYP_CD,VARCHAR(50),NOT NULLABLE,Y,N,N,N,5
PRCHRST,PRCH,TRIP_ID,TRIP_ID,BIGINT,NULLABLE,Y,N,Y,N,6
PRCHRST,PRCH,TRND_PRDC_ID,TRND_PRDC_ID,INTEGER,NULLABLE,Y,N,Y,N,7
PRCHRST,PRCH,HSHLD_ID,HSHLD_ID,BIGINT,NULLABLE,Y,N,Y,N,8
PRCHRST,PRCH,TRIP_DAY_ID,TRIP_DAY_ID,INTEGER,NULLABLE,Y,N,Y,N,9
PRCHRST,PRCH,TRIP_TYP_ID,TRIP_TYP_ID,INTEGER,NULLABLE,Y,N,Y,N,10
PRCHRST,PRCH,NHS_OTL_CD,NHS_OTL_CD,INTEGER,NOT NULLABLE,Y,N,N,N,11
PRCHRST,PRCH,PRCS_WK,PRCS_WK,INTEGER,NULLABLE,Y,N,N,N,12
PRCHRST,PRCH,PRDC_MODULE,PRDC_MODULE,INTEGER,NULLABLE,Y,N,N,N,13
PRCHRST,PRCH,PRMY_SHPR,PRMY_SHPR,INTEGER,NULLABLE,Y,N,N,N,14
PRCHRST,PRCH,SCDR_SHPR,SCDR_SHPR,INTEGER,NULLABLE,Y,N,N,N,15
PRCHRST,PRCH,ACN_PRMY_STR,ACN_PRMY_STR,INTEGER,NULLABLE,Y,N,N,N,16
PRCHRST,PRCH,QTY,QTY,INTEGER,NULLABLE,Y,N,N,N,17
PRCHRST,PRCH,TTL_U_PRC,TTL_U_PRC,"NUMERIC(5,2)",NULLABLE,Y,N,N,N,18
PRCHRST,PRCH,DL_CD,DL_CD,CHAR(3),NULLABLE,Y,N,N,N,19
PRCHRST,PRCH,TTL_CPN_VL,TTL_CPN_VL,"NUMERIC(4,2)",NULLABLE,Y,N,N,N,20
PRCHRST,PRCH,CSL_AD,CSL_AD,INTEGER,NULLABLE,Y,N,N,N,21
PRCHRST,PRCH,CSL_DSP_INFO,CSL_DSP_INFO,INTEGER,NULLABLE,Y,N,N,N,22
PRCHRST,PRCH,PRC_IND,PRC_IND,CHAR(1),NULLABLE,Y,N,N,N,23
PRCHRST,PRCH,BRN_CD,BRN_CD,INTEGER,NULLABLE,Y,N,N,N,24
PRCHRST,PRCH,SIZE,SIZE,CHAR(3),NULLABLE,Y,N,N,N,25
PRCHRST,PRCH,SZ_DSC,SZ_DSC,VARCHAR(7),NULLABLE,Y,N,N,N,26
PRCHRST,PRCH,SZ_NUM,SZ_NUM,"NUMERIC(7,3)",NULLABLE,Y,N,N,N,27
PRCHRST,PRCH,MULTI,MULTI,INTEGER,NULLABLE,Y,N,N,N,28
PRCHRST,PRCH,FLV_CD,FLV_CD,INTEGER,NULLABLE,Y,N,N,N,29
PRCHRST,PRCH,STR_TYP,STR_TYP,INTEGER,NULLABLE,Y,N,N,N,30
PRCHRST,PRCH,ORG_CD,ORG_CD,CHAR(3),NULLABLE,Y,N,N,N,31
PRCHRST,PRCH,FREQ_SHPR,FREQ_SHPR,INTEGER,NULLABLE,Y,N,N,N,32
PRCHRST,PRCH,SCNTRK_MJR_MRKT_CD,SCNTRK_MJR_MRKT_CD,INTEGER,NULLABLE,Y,N,N,N,33
PRCHRST,PRCH,PNL_CD,PNL_CD,CHAR(1),NULLABLE,Y,N,N,N,34
PRCHRST,PRCH,MFG_CPN_DL_VL,MFG_CPN_DL_VL,INTEGER,NULLABLE,Y,N,N,N,35
PRCHRST,PRCH,SRC_ID,SRC_ID,SMALLINT,NOT NULLABLE,Y,N,N,N,36
PRCHRST,PRCH,FILE_ID,FL_ID,INTEGER,NOT NULLABLE,Y,N,N,N,37
PRCHRST,PRCH,Process_Flag,PRCS_FLG,INTEGER,NOT NULLABLE,Y,N,N,N,38
TRIPRST,TRIP,RTL_BSKT_ID,RTL_BSKT_ID,VARCHAR(100),NOT NULLABLE,Y,N,N,N,1
TRIPRST,TRIP,PNLS_ID,PNLS_ID,INTEGER,NOT NULLABLE,Y,N,N,N,2
TRIPRST,TRIP,TRIP_DT,TRIP_DT,VARCHAR (30),NOT NULLABLE,Y,N,N,N,3
TRIPRST,TRIP,TRIP_TYP_CD,TRIP_TYP_CD,VARCHAR(50),NOT NULLABLE,Y,N,N,N,4
TRIPRST,TRIP,TRIP_ID,TRIP_ID,BIGINT,NULLABLE,Y,N,Y,N,5
TRIPRST,TRIP,HSHLD_ID,HSHLD_ID,BIGINT,NULLABLE,Y,N,Y,N,6
TRIPRST,TRIP,TRIP_DAY_ID,TRIP_DAY_ID,INTEGER,NULLABLE,Y,N,Y,N,7
TRIPRST,TRIP,TRIP_TYP_ID,TRIP_TYP_ID,INTEGER,NULLABLE,Y,N,Y,N,8
TRIPRST,TRIP,NHS_OTL_CD,NHS_OTL_CD,INTEGER,NOT NULLABLE,Y,N,N,N,9
TRIPRST,TRIP,PRCS_WK,PRCS_WK,INTEGER,NULLABLE,Y,N,N,N,10
TRIPRST,TRIP,NHS_STR_TYP,NHS_STR_TYP,INTEGER,NULLABLE,Y,N,N,N,11
TRIPRST,TRIP,SCNTRK_MJR_MRKT_CD,SCNTRK_MJR_MRKT_CD,INTEGER,NULLABLE,Y,N,N,N,12
TRIPRST,TRIP,ACN_PRMY_STR,ACN_PRMY_STR,INTEGER,NULLABLE,Y,N,N,N,13
TRIPRST,TRIP,NUM_ITMS,NUM_ITMS,INTEGER,NULLABLE,Y,N,N,N,14
TRIPRST,TRIP,OTL_DOL,OTL_DOL,"NUMERIC(7,2)",NULLABLE,Y,N,N,N,15
TRIPRST,TRIP,QTY,QTY,INTEGER,NULLABLE,Y,N,N,N,16
TRIPRST,TRIP,TRIP_HR,TRIP_HR,INTEGER,NULLABLE,Y,N,N,N,17
TRIPRST,TRIP,PRMY_SHPR,PRMY_SHPR,CHAR(3),NULLABLE,Y,N,N,N,18
TRIPRST,TRIP,SCDR_SHPR,SCDR_SHPR,CHAR(3),NULLABLE,Y,N,N,N,19
TRIPRST,TRIP,PNL_CD,PNL_CD,CHAR(1),NULLABLE,Y,N,N,N,20
TRIPRST,TRIP,TTL_DOL,TTL_DOL,"NUMERIC(7,2)",NULLABLE,Y,N,N,N,21
TRIPRST,TRIP,TRAN_ON_DL,TRAN_ON_DL,INTEGER,NULLABLE,Y,N,N,N,22
TRIPRST,TRIP,MFR_CPN_TTL,MFR_CPN_TTL,"NUMERIC(6,2)",NULLABLE,Y,N,N,N,23
TRIPRST,TRIP,STR_CPN_TTL,STR_CPN_TTL,"NUMERIC(6,2)",NULLABLE,Y,N,N,N,24
TRIPRST,TRIP,STR_MFR_CPN_TTL,STR_MFR_CPN_TTL,"NUMERIC(6,2)",NULLABLE,Y,N,N,N,25
TRIPRST,TRIP,SRC_ID,SRC_ID,SMALLINT,NOT NULLABLE,Y,N,N,N,26
TRIPRST,TRIP,FILE_ID,FL_ID,INTEGER,NOT NULLABLE,Y,N,N,N,27
TRIPRST,TRIP,Process_Flag,PRCS_FLG,INTEGER,NOT NULLABLE,Y,N,N,N,28
PRMODTL,PRMO_DTL,Promotion_Deatil_Id,PRMO_DTL_ID,INTEGER,NULLABLE,Y,N,Y,N,1,
PRMODTL,PRMO_DTL,Promotion_ID,PRMO_ID,INTEGER,NULLABLE,Y,N,N,N,2,
PRMODTL,PRMO_DTL,SRC_ID,SRC_ID,SMALLINT,NOT NULLABLE,Y,N,N,N,3,
PRMODTL,PRMO_DTL,File_ID,FL_ID,INTEGER,NULLABLE,Y,N,N,N,4,
PRMODTL,PRMO_DTL,Process_Flag,PRCS_FLG,VARCHAR(2),NULLABLE,Y,Y,N,N,5
PRMODTL,PRMO_DTL,Retailer_Promotion_id,RTL_PRMTN_ID,VARCHAR (30),NOT NULLABLE,Y,N,N,N,6,
PRMODTL,PRMO_DTL,Pod_id,POD_ID,BIGINT,NOT NULLABLE,Y,N,N,N,7,
PRMODTL,PRMO_DTL,Prdc_id,PRDC_ID,BIGINT,NOT NULLABLE,Y,N,N,N,8,
PRMODTL,PRMO_DTL,Product_Character_Name,PRDC_CHR_NM,VARCHAR (100),NOT NULLABLE,Y,N,N,N,9,
PRMODTL,PRMO_DTL,Retailer_Product_Value_ID,RTL_PRDC_VAL_ID,VARCHAR (20),NOT NULLABLE,Y,N,N,N,10,
PRMODTL,PRMO_DTL,Retailer_Product_corss_ref_id,ITM_CD,VARCHAR (20),NULLABLE,Y,N,N,N,11,
PRMODTL,PRMO_DTL,Store_Character_name,STR_CHR_NM,VARCHAR (100),NOT NULLABLE,Y,N,N,N,12,
PRMODTL,PRMO_DTL,Retailer_Store_Character_id,RTL_STR_CHR_ID,VARCHAR (30),NOT NULLABLE,Y,N,N,N,13,
PRMODTL,PRMO_DTL,promotion_start_date,PRMO_STRT_DT,VARCHAR (30),NOT NULLABLE,Y,N,N,N,14,
PRMODTL,PRMO_DTL,Promotion_end_date,PRMO_END_DT,VARCHAR (30),NULLABLE,Y,N,N,N,15,
PRMODTL,PRMO_DTL,Prmodtl_Nat_Key,PRMODTL_NAT_KEY,VARCHAR(200),NOT NULLABLE,Y,Y,N,N,16,
PRMTN,PRMO,Promotion_ID,PRMO_ID,INTEGER,NULLABLE,Y,N,Y,N,1,
PRMTN,PRMO,SRC_ID,SRC_ID,SMALLINT,NOT NULLABLE,Y,N,N,N,2,
PRMTN,PRMO,File_ID,FL_ID,INTEGER,NULLABLE,Y,N,N,N,3,
PRMTN,PRMO,Retailer_Promotion_ID,RTL_PRMTN_ID,VARCHAR(30),NOT NULLABLE,Y,N,N,N,4,
PRMTN,PRMO,promotion_description,PRMO_DSC,VARCHAR(255),NOT NULLABLE,Y,Y,N,N,5,
PRMTN,PRMO,shortterm_promotion_flag,STP_FLG,VARCHAR(10),NULLABLE,Y,Y,N,N,6,
PRMDTL,PRM_DTL,Promotion_ID,PRMO_ID,INTEGER,NULLABLE,Y,N,Y,N,1,
PRMDTL,PRM_DTL,SRC_ID,SRC_ID,SMALLINT,NOT NULLABLE,Y,N,N,N,2,
PRMDTL,PRM_DTL,File_ID,FL_ID,INTEGER,NULLABLE,Y,N,N,N,3,
PRMDTL,PRM_DTL,Process_Flag,PRCS_FLG,VARCHAR(2),NULLABLE,Y,Y,N,N,4
PRMDTL,PRM_DTL,Retailer_Promotion_id,RTL_PRMTN_ID,VARCHAR (30),NOT NULLABLE,Y,N,N,N,5,
PRMDTL,PRM_DTL,Product_Character_Name,PRDC_CHR_NM,VARCHAR (100),NOT NULLABLE,Y,N,N,N,6,
PRMDTL,PRM_DTL,Retailer_Product_char_Value_id,RTL_PRDC_VAL_ID,VARCHAR (20),NOT NULLABLE,Y,N,N,N,7,
PRMDTL,PRM_DTL,Retailer_product_cross_ref_id,RTL_PRDC_CROS_REF_ID,VARCHAR (20),NULLABLE,Y,N,N,N,8,
PRMDTL,PRM_DTL,Store_Character_name,STR_CHR_NM,VARCHAR (100),NOT NULLABLE,Y,N,N,N,9,
PRMDTL,PRM_DTL,Retailer_Store_Character_id,RTL_STR_CHR_ID,VARCHAR (30),NOT NULLABLE,Y,N,N,N,10,
PRMDTL,PRM_DTL,promotion_start_date,PRMO_STRT_DT,VARCHAR (30),NOT NULLABLE,Y,N,N,N,11,
PRMDTL,PRM_DTL,Promotion_end_date,PRMO_END_DT,VARCHAR (30),NULLABLE,Y,N,N,N,12,
PRMO,PRMO,Retailer_Promotion_id,RTL_PRMTN_ID,VARCHAR (30),NOT NULLABLE,Y,N,N,N,1,
PRMO,PRMO,SRC_ID,SRC_ID,SMALLINT,NOT NULLABLE,Y,N,N,N,2,
PRMO,PRMO,Promotion_ID,PRMO_ID,INTEGER,NULLABLE,Y,N,Y,N,3,
PRMO,PRMO,POD_ID,POD_ID,VARCHAR (100),NULLABLE,Y,Y,N,N,4,
PRMO,PRMO,Product_ID,PRDC_ID,VARCHAR (50),NULLABLE,Y,Y,N,N,5,
PRMO,PRMO,PRMO_STRT_DT,STRT_DT,VARCHAR (20),NULLABLE,Y,Y,N,N,6,
PRMO,PRMO,PRMO_END_DT,END_DT,VARCHAR (20),NULLABLE,Y,Y,N,N,7,
PRMO,PRMO,File_ID,FL_ID,INTEGER,NULLABLE,Y,N,N,N,9,
PRDCCGRP,PRDC_CUST_GRP,RTL_PRDC_ID,RTL_PRDC_ID,INTEGER,NOT NULLABLE,Y,N,N,N,1,
PRDCCGRP,PRDC_CUST_GRP,SRC_ID,SRC_ID,SMALLINT,NOT NULLABLE,Y,N,N,N,2,
PRDCCGRP,PRDC_CUST_GRP,File_ID,FL_ID,INTEGER,NULLABLE,Y,N,N,N,3,
PRDCCGRP,PRDC_CUST_GRP,ITEM_GRP_ID,ITEM_GRP_ID,VARCHAR (100),NOT NULLABLE,Y,N,N,N,4,
PRDCCGRP,PRDC_CUST_GRP,ITEM_GRP_NM,ITEM_GRP_NM,VARCHAR (100),NOT NULLABLE,Y,N,N,N,5,
PRDCCGRP,PRDC_CUST_GRP,item_code,ITM_CD,VARCHAR(100),NOT NULLABLE,Y,N,N,N,1,
PRDCCGRP,PRDC_CUST_GRP,Product_ID,PRDC_ID,VARCHAR (20),NULLABLE,Y,N,Y,N,7,
PRDCCGRP,PRDC_CUST_GRP,Start Date,STRT_DT,DATE,NOT NULLABLE,Y,N,N,N,8,
PRDCCGRP,PRDC_CUST_GRP,END_DT,END_DT,DATE,NULLABLE,Y,N,N,N,9,
PODCGRP,POD_CUST_GRP,RTL_POD_NUM,RTL_POD_NUM,INTEGER,NOT NULLABLE,Y,N,N,N,1,
PODCGRP,POD_CUST_GRP,POD_ID,POD_ID,VARCHAR (20),NOT NULLABLE,Y,N,Y,N,6,
PODCGRP,POD_CUST_GRP,SRC_ID,SRC_ID,SMALLINT,NOT NULLABLE,Y,N,N,N,2,
PODCGRP,POD_CUST_GRP,File_ID,FL_ID,INTEGER,NULLABLE,Y,N,N,N,3,
PODCGRP,POD_CUST_GRP,ITEM_GRP_ID,ITEM_GRP_ID,VARCHAR (30),NOT NULLABLE,Y,N,N,N,4,
PODCGRP,POD_CUST_GRP,ITEM_GRP_NM,ITEM_GRP_NM,VARCHAR (200),NOT NULLABLE,Y,N,N,N,5,
PODCGRP,POD_CUST_GRP,Start Date,STRT_DT,VARCHAR (100),NOT NULLABLE,Y,N,N,N,6,
PODCGRP,POD_CUST_GRP,END_DT,END_DT,VARCHAR (30),NOT NULLABLE,Y,N,N,N,7,
